assembly_level,checkm_completeness,checkm_contamination,genome_size,ncbi_bioproject,mimag_quality,source,genome_id,gtdb_taxonomy,total_bgcs,bgcs_on_contig_edge
Contig/Scaffold,96.76,2.73,4021250,PRJNA629478,HQ,genbank,GCA_016706135.1,d__Bacteria;p__Nitrospirota;c__Nitrospiria;o__Nitrospirales;f__Nitrospiraceae;g__Nitrospira_A;s__Nitrospira_A sp900170025,9,1
Contig/Scaffold,97.67,2.73,4447652,PRJNA629478,HQ,genbank,GCA_016709365.1,d__Bacteria;p__Nitrospirota;c__Nitrospiria;o__Nitrospirales;f__Nitrospiraceae;g__Nitrospira_A;s__Nitrospira_A sp900170025,10,0
Contig/Scaffold,96.76,3.18,4738919,PRJNA629478,HQ,genbank,GCA_016712165.1,d__Bacteria;p__Nitrospirota;c__Nitrospiria;o__Nitrospirales;f__Nitrospiraceae;g__Nitrospira_F;s__Nitrospira_F sp002254365,10,0
Contig/Scaffold,96.7,2.73,4308277,PRJNA629478,HQ,genbank,GCA_016711755.1,d__Bacteria;p__Nitrospirota;c__Nitrospiria;o__Nitrospirales;f__Nitrospiraceae;g__Nitrospira_A;s__Nitrospira_A sp900170025,9,1
Contig/Scaffold,95.68,4.6,3855297,PRJNA629478,HQ,genbank,GCA_016715825.1,d__Bacteria;p__Nitrospirota;c__Nitrospiria;o__Nitrospirales;f__Nitrospiraceae;g__Nitrospira_F;s__,9,0
Contig/Scaffold,95.64,2.95,4312793,PRJNA629478,HQ,genbank,GCA_016719745.1,d__Bacteria;p__Nitrospirota;c__Nitrospiria;o__Nitrospirales;f__Nitrospiraceae;g__Nitrospira_A;s__Nitrospira_A sp900170025,10,0
Contig/Scaffold,97.67,1.82,4319841,PRJNA629478,HQ,genbank,GCA_016722315.1,d__Bacteria;p__Nitrospirota;c__Nitrospiria;o__Nitrospirales;f__Nitrospiraceae;g__Nitrospira_A;s__Nitrospira_A sp900170025,10,0
Contig/Scaffold,96.76,2.73,4769874,PRJNA629478,HQ,genbank,GCA_016722055.1,d__Bacteria;p__Nitrospirota;c__Nitrospiria;o__Nitrospirales;f__Nitrospiraceae;g__Nitrospira_F;s__Nitrospira_F sp002254365,11,0
Contig/Scaffold,91,4.32,3754263,PRJNA274364,MQ,genbank,GCA_001567445.1,d__Bacteria;p__Nitrospirota;c__Nitrospiria;o__Nitrospirales;f__Nitrospiraceae;g__Nitrospira_A;s__Nitrospira_A sp001567445,11,7
Contig/Scaffold,80.55,1.82,2053697,PRJNA288027,MQ,genbank,GCA_001805205.1,d__Bacteria;p__Nitrospirota;c__Nitrospiria;o__HDB-SIOI813;f__HDB-SIOI813;g__HDB-SIOI813;s__HDB-SIOI813 sp001805205,2,2
Contig/Scaffold,75.76,1.82,1746767,PRJNA297196,MQ,genbank,GCA_001918075.1,d__Bacteria;p__Nitrospirota;c__Nitrospiria;o__Nitrospirales;f__Nitrospiraceae;g__40CM-3-62-11;s__40CM-3-62-11 sp001914955,5,4
Contig/Scaffold,50,0,1011354,PRJNA297196,MQ,genbank,GCA_001920515.1,d__Bacteria;p__Nitrospirota;c__Nitrospiria;o__Nitrospirales;f__Nitrospiraceae;g__40CM-3-62-11;s__40CM-3-62-11 sp001914955,1,1
Contig/Scaffold,98.18,0.83,2103466,PRJNA269163,MQ,genbank,GCA_002011815.1,d__Bacteria;p__Nitrospirota;c__Thermodesulfovibrionia;o__Thermodesulfovibrionales;f__JdFR-86;g__JdFR-86;s__JdFR-86 sp002011815,1,0
Contig/Scaffold,94.09,3.86,4305818,PRJNA348753,MQ,genbank,GCA_002420045.1,d__Bacteria;p__Nitrospirota;c__Nitrospiria;o__Nitrospirales;f__Nitrospiraceae;g__Nitrospira_F;s__Nitrospira_F sp002420115,9,3
Contig/Scaffold,96.49,0.91,2929370,PRJNA400260,HQ,genbank,GCA_002753335.1,d__Bacteria;p__Nitrospirota;c__Thermodesulfovibrionia;o__Thermodesulfovibrionales;f__UBA9935;g__MYbin3;s__MYbin3 sp002753335,2,0
Contig/Scaffold,96.97,1.82,4024796,PRJNA400260,HQ,genbank,GCA_002753685.1,d__Bacteria;p__Nitrospirota;c__Thermodesulfovibrionia;o__Thermodesulfovibrionales;f__Magnetobacteriaceae;g__Magnetobacterium;s__Magnetobacterium sp002753685,2,2
Contig/Scaffold,92.09,2.73,2994827,PRJNA384587,MQ,genbank,GCA_002869885.2,d__Bacteria;p__Nitrospirota;c__Nitrospiria;o__Nitrospirales;f__Nitrospiraceae;g__Palsa-1315;s__Palsa-1315 sp002869885,5,0
Contig/Scaffold,76.13,0,1607363,PRJDB5792,MQ,genbank,GCA_002898135.1,d__Bacteria;p__Nitrospirota;c__Thermodesulfovibrionia;o__Thermodesulfovibrionales;f__JdFR-85;g__BMS3Bbin07;s__BMS3Bbin07 sp002898135,1,1
Contig/Scaffold,78.46,1.04,3012392,PRJNA417962,MQ,genbank,GCA_003454665.1,d__Bacteria;p__Nitrospirota;c__UBA9217;o__UBA9217;f__UBA9217;g__UBA9217;s__UBA9217 sp003454665,4,4
Contig/Scaffold,71.91,1.09,3129949,PRJNA355136,MQ,genbank,GCA_003599025.1,d__Bacteria;p__Nitrospirota;c__Thermodesulfovibrionia;o__UBA6902;f__UBA6902;g__UBA6902;s__UBA6902 sp003599025,8,6
Contig/Scaffold,95.85,2.83,3864579,PRJNA384587,HQ,genbank,GCA_005116745.1,d__Bacteria;p__Nitrospirota;c__Nitrospiria;o__Nitrospirales;f__Nitrospiraceae;g__Nitrospira_F;s__Nitrospira_F sp005116745,7,0
Contig/Scaffold,95.85,4.77,2930287,PRJNA449266,MQ,genbank,GCA_005877605.1,d__Bacteria;p__Nitrospirota;c__Nitrospiria;o__Nitrospirales;f__Nitrospiraceae;g__40CM-3-62-11;s__40CM-3-62-11 sp001914955,9,8
Contig/Scaffold,82.17,4.6,3796730,PRJNA552823,MQ,genbank,GCA_009594825.1,d__Bacteria;p__Nitrospirota;c__Nitrospiria;o__Nitrospirales;f__Nitrospiraceae;g__Nitrospira_F;s__Nitrospira_F nitrosa,10,8
Contig/Scaffold,79.82,0,1928707,PRJNA521725,MQ,genbank,GCA_009692155.1,d__Bacteria;p__Nitrospirota;c__Nitrospiria;o__Nitrospirales;f__Nitrospiraceae;g__2-02-FULL-62-14;s__2-02-FULL-62-14 sp009692155,7,0
Contig/Scaffold,93.64,1.19,2248817,PRJNA555144,MQ,genbank,GCA_009836145.1,d__Bacteria;p__Nitrospirota;c__Nitrospiria;o__Nitrospirales;f__UBA8639;g__Bin75;s__Bin75 sp009842645,7,7
Contig/Scaffold,91.72,1.59,2460544,PRJNA555144,MQ,genbank,GCA_009841415.1,d__Bacteria;p__Nitrospirota;c__Nitrospiria;o__Nitrospirales;f__UBA8639;g__Bin75;s__Bin75 sp009842645,6,2
Contig/Scaffold,94.8,5.08,2178223,PRJNA555144,MQ,genbank,GCA_009842145.1,d__Bacteria;p__Nitrospirota;c__Nitrospiria;o__Nitrospirales;f__UBA8639;g__Bin75;s__Bin75 sp009840285,9,7
Contig/Scaffold,90.74,2.78,2255220,PRJNA480137,MQ,genbank,GCA_011367585.1,d__Bacteria;p__Nitrospirota;c__Thermodesulfovibrionia;o__Thermodesulfovibrionales;f__SM23-35;g__UBA2194;s__UBA2194 sp011367585,3,3
Contig/Scaffold,79.49,0.05,1579605,PRJNA557557,MQ,genbank,GCA_013152195.1,d__Bacteria;p__Nitrospirota;c__Thermodesulfovibrionia;o__Thermodesulfovibrionales;f__JdFR-85;g__BMS3Bbin07;s__BMS3Bbin07 sp013152195,3,3
Contig/Scaffold,88.76,5.15,2770780,PRJNA557557,MQ,genbank,GCA_013152795.1,d__Bacteria;p__Nitrospirota;c__Thermodesulfovibrionia;o__UBA6902;f__UBA6902;g__JAADFS01;s__JAADFS01 sp013152795,2,2
Contig/Scaffold,98.98,0,1915222,PRJNA224116,HQ,refseq,GCF_001707915.1,d__Bacteria;p__Nitrospirota;c__Thermodesulfovibrionia;o__Thermodesulfovibrionales;f__Thermodesulfovibrionaceae;g__Thermodesulfovibrio;s__Thermodesulfovibrio sp001707915,1,0
Contig/Scaffold,97.67,2.73,4454928,PRJNA224116,HQ,refseq,GCF_900170025.1,d__Bacteria;p__Nitrospirota;c__Nitrospiria;o__Nitrospirales;f__Nitrospiraceae;g__Nitrospira_A;s__Nitrospira_A sp900170025,9,0
Contig/Scaffold,66.5,0.91,1405470,PRJNA288027,MQ,genbank,GCA_001803715.1,d__Bacteria;p__Nitrospirota;c__Thermodesulfovibrionia;o__Thermodesulfovibrionales;f__UBA1546;g__UBA1546;s__UBA1546 sp001805105,1,1
Contig/Scaffold,100,4.98,4313849,PRJNA397647,MQ,genbank,GCA_002634385.1,d__Bacteria;p__Nitrospirota;c__Thermodesulfovibrionia;o__Thermodesulfovibrionales;f__UBA9935;g__GCA-2634385;s__GCA-2634385 sp002634385,5,1
Contig/Scaffold,96.97,0,1664412,PRJNA321556,HQ,genbank,GCA_002839535.1,d__Bacteria;p__Nitrospirota;c__Thermodesulfovibrionia;o__Thermodesulfovibrionales;f__UBA6898;g__GW-Nitrospira-1;s__GW-Nitrospira-1 sp002839535,2,2
Contig/Scaffold,73.4,0,2153367,PRJNA386568,MQ,genbank,GCA_003162365.1,d__Bacteria;p__Nitrospirota;c__Thermodesulfovibrionia;o__Thermodesulfovibrionales;f__UBA9935;g__Fen-1308;s__Fen-1308 sp003170655,3,3
Contig/Scaffold,77.61,1.36,3184435,PRJNA385762,MQ,genbank,GCA_003233615.1,d__Bacteria;p__Nitrospirota;c__Nitrospiria;o__Nitrospirales;f__UBA8639;g__UBA8639;s__UBA8639 sp003233615,8,7
Contig/Scaffold,94.55,4.55,3235760,PRJNA385762,MQ,genbank,GCA_003235715.1,d__Bacteria;p__Nitrospirota;c__Thermodesulfovibrionia;o__SZUA-242;f__SZUA-242;g__SZUA-242;s__SZUA-242 sp003235715,4,4
Contig/Scaffold,96.76,5.23,3961664,PRJNA450161,MQ,genbank,GCA_003576955.1,d__Bacteria;p__Nitrospirota;c__Nitrospiria;o__Nitrospirales;f__Nitrospiraceae;g__Nitrospira_A;s__Nitrospira_A sp001567445,10,4
Contig/Scaffold,95.45,2,2641075,PRJNA355136,MQ,genbank,GCA_003599505.1,d__Bacteria;p__Nitrospirota;c__Thermodesulfovibrionia;o__UBA6902;f__UBA6902;g__SURF-11;s__SURF-11 sp003599505,5,4
Contig/Scaffold,96.14,8.18,2338827,PRJNA514088,MQ,genbank,GCA_004298625.1,d__Bacteria;p__Nitrospirota;c__Thermodesulfovibrionia;o__Thermodesulfovibrionales;f__UBA1546;g__SCSY01;s__SCSY01 sp004298625,3,3
Contig/Scaffold,98.18,2.73,3626718,PRJNA514088,HQ,genbank,GCA_004321915.1,d__Bacteria;p__Nitrospirota;c__Thermodesulfovibrionia;o__Thermodesulfovibrionales;f__UBA9935;g__MYbin3;s__MYbin3 sp004321915,1,1
Contig/Scaffold,77.14,1.82,2670838,PRJNA384587,MQ,genbank,GCA_005116775.1,d__Bacteria;p__Nitrospirota;c__Nitrospiria;o__Nitrospirales;f__Nitrospiraceae;g__Palsa-1315;s__Palsa-1315 sp005116775,7,1
Contig/Scaffold,94.94,2.78,3305268,PRJNA384587,MQ,genbank,GCA_005116895.1,d__Bacteria;p__Nitrospirota;c__Nitrospiria;o__Nitrospirales;f__Nitrospiraceae;g__Nitrospira_F;s__Nitrospira_F sp005116895,7,1
Contig/Scaffold,91.55,7.83,1880304,PRJNA414404,MQ,genbank,GCA_005239595.1,d__Bacteria;p__Nitrospirota;c__Nitrospiria;o__SBBL01;f__SBBT01;g__SBBT01;s__SBBT01 sp005239595,2,2
Contig/Scaffold,95.22,0,1632300,PRJNA414404,MQ,genbank,GCA_005239745.1,d__Bacteria;p__Nitrospirota;c__Nitrospiria;o__SBBL01;f__SBBL01;g__SBBL01;s__SBBL01 sp005239745,4,4
Contig/Scaffold,83.58,2.73,3727475,PRJNA552823,MQ,genbank,GCA_009594865.1,d__Bacteria;p__Nitrospirota;c__Nitrospiria;o__Nitrospirales;f__Nitrospiraceae;g__Nitrospira_A;s__Nitrospira_A sp009594865,6,3
Contig/Scaffold,84.99,1.52,1885625,PRJNA522654,MQ,genbank,GCA_012965905.1,d__Bacteria;p__Nitrospirota;c__Nitrospiria;o__Nitrospirales;f__UBA2166;g__UBA2166;s__UBA2166 sp012965905,6,6
Contig/Scaffold,93.33,3.96,3463526,PRJNA615962,MQ,genbank,GCA_013334545.1,d__Bacteria;p__Nitrospirota;c__UBA9217;o__UBA9217;f__UBA9217;g__JAAXXJ01;s__JAAXXJ01 sp013334545,1,1
Contig/Scaffold,94.44,1.14,1675093,PRJNA564648,MQ,genbank,GCA_013388605.1,d__Bacteria;p__Nitrospirota;c__Thermodesulfovibrionia;o__Thermodesulfovibrionales;f__SM23-35;g__JACAEY01;s__JACAEY01 sp013388605,1,1
Contig/Scaffold,75.4,0.91,1245023,PRJNA323575,MQ,genbank,GCA_013824325.1,d__Bacteria;p__Nitrospirota;c__Thermodesulfovibrionia;o__Thermodesulfovibrionales;f__UBA9935;g__PNNP01;s__PNNP01 sp013824325,0,0
Contig/Scaffold,98.18,1.82,3231892,PRJEB38681,MQ,genbank,GCA_903822005.1,d__Bacteria;p__Nitrospirota;c__Thermodesulfovibrionia;o__Thermodesulfovibrionales;f__UBA9935;g__Fen-1308;s__Fen-1308 sp903822005,5,1
Contig/Scaffold,61.74,1.82,1501108,PRJNA288027,MQ,genbank,GCA_001805165.1,d__Bacteria;p__Nitrospirota;c__Nitrospiria;o__HDB-SIOI813;f__HDB-SIOI813;g__RBG-16-43-11;s__RBG-16-43-11 sp001805165,0,0
Contig/Scaffold,94.09,2.73,3038306,PRJNA326328,HQ,genbank,GCA_002238765.1,d__Bacteria;p__Nitrospirota;c__Nitrospiria;o__Nitrospirales;f__UBA8639;g__Bin75;s__Bin75 sp002238765,8,5
Contig/Scaffold,94.36,4.66,3539436,PRJNA322674,MQ,genbank,GCA_002254325.1,d__Bacteria;p__Nitrospirota;c__Nitrospiria;o__Nitrospirales;f__Nitrospiraceae;g__Nitrospira_A;s__Nitrospira_A sp900170025,9,8
Contig/Scaffold,95.45,2.73,2198006,PRJNA348753,MQ,genbank,GCA_002328665.1,d__Bacteria;p__Nitrospirota;c__Thermodesulfovibrionia;o__Thermodesulfovibrionales;f__SM23-35;g__UBA2194;s__UBA2194 sp002328665,2,2
Contig/Scaffold,82.23,1.82,2688141,PRJNA348753,MQ,genbank,GCA_002435405.1,d__Bacteria;p__Nitrospirota;c__Nitrospiria;o__Nitrospirales;f__Nitrospiraceae;g__Nitrospira_D;s__Nitrospira_D sp002435325,7,2
Contig/Scaffold,82.9,3.64,3101251,PRJNA348753,MQ,genbank,GCA_002448975.1,d__Bacteria;p__Nitrospirota;c__Thermodesulfovibrionia;o__Thermodesulfovibrionales;f__UBA6898;g__UBA6898;s__UBA6898 sp002448975,4,3
Contig/Scaffold,91.82,0,2461562,PRJDB5792,HQ,genbank,GCA_002897855.1,d__Bacteria;p__Nitrospirota;c__Thermodesulfovibrionia;o__Thermodesulfovibrionales;f__BMS3Bbin05;g__BMS3Bbin05;s__BMS3Bbin05 sp002897855,2,1
Contig/Scaffold,86.36,6.36,1926729,PRJNA417962,MQ,genbank,GCA_003477265.1,d__Bacteria;p__Nitrospirota;c__Nitrospiria;o__HDB-SIOI813;f__HDB-SIOI813;g__HDB-SIOI813;s__HDB-SIOI813 sp001805205,3,3
Contig/Scaffold,84.72,2.1,2751166,PRJNA417962,MQ,genbank,GCA_003508235.1,d__Bacteria;p__Nitrospirota;c__Thermodesulfovibrionia;o__UBA6902;f__UBA6902;g__UBA6902;s__UBA6902 sp002451135,4,4
Contig/Scaffold,93.58,4.8,2711460,PRJNA514088,MQ,genbank,GCA_004296865.1,d__Bacteria;p__Nitrospirota;c__Nitrospiria;o__Nitrospirales;f__Nitrospiraceae;g__SCVQ01;s__SCVQ01 sp004296865,4,4
Contig/Scaffold,95.85,3.18,3939676,PRJNA384587,MQ,genbank,GCA_005116835.1,d__Bacteria;p__Nitrospirota;c__Nitrospiria;o__Nitrospirales;f__Nitrospiraceae;g__Palsa-1315;s__Palsa-1315 sp005116835,6,0
Contig/Scaffold,92.92,0.91,3186592,PRJNA384587,MQ,genbank,GCA_005116885.1,d__Bacteria;p__Nitrospirota;c__Nitrospiria;o__Nitrospirales;f__Nitrospiraceae;g__Palsa-1315;s__Palsa-1315 sp005116885,7,0
Contig/Scaffold,69.3,0,1493411,PRJNA531348,MQ,genbank,GCA_005800255.1,d__Bacteria;p__Nitrospirota;c__Nitrospiria;o__Nitrospirales;f__Nitrospiraceae;g__Palsa-1315;s__Palsa-1315 sp005800255,3,3
Contig/Scaffold,84.94,4.09,3779953,PRJNA552823,MQ,genbank,GCA_009594995.1,d__Bacteria;p__Nitrospirota;c__Nitrospiria;o__Nitrospirales;f__Nitrospiraceae;g__Nitrospira_A;s__Nitrospira_A sp009594995,8,2
Contig/Scaffold,97.73,3.01,2503252,PRJNA545004,MQ,genbank,GCA_012270585.1,d__Bacteria;p__Nitrospirota;c__Nitrospiria;o__Nitrospirales;f__UBA8639;g__Bin75;s__Bin75 sp012270585,8,4
Contig/Scaffold,93.88,4.14,3521690,PRJNA564648,MQ,genbank,GCA_013388555.1,d__Bacteria;p__Nitrospirota;c__Nitrospiria;o__Nitrospirales;f__Nitrospiraceae;g__Palsa-1315;s__Palsa-1315 sp013388555,9,5
Complete/Chromosome,96.76,2.78,4125728,PRJNA575653,HQ,genbank,GCA_014058405.1,d__Bacteria;p__Nitrospirota;c__Nitrospiria;o__Nitrospirales;f__Nitrospiraceae;g__Nitrospira_F;s__Nitrospira_F kreftii,10,0
Contig/Scaffold,98.11,0,1871474,PRJNA224116,HQ,refseq,GCF_000423865.1,d__Bacteria;p__Nitrospirota;c__Thermodesulfovibrionia;o__Thermodesulfovibrionales;f__Thermodesulfovibrionaceae;g__Thermodesulfovibrio;s__Thermodesulfovibrio thiophilus,0,0
Contig/Scaffold,67.05,0.91,3162748,PRJNA288027,MQ,genbank,GCA_001803705.1,d__Bacteria;p__Nitrospirota;c__UBA9217;o__UBA9217;f__UBA9217;g__GWC2-56-14;s__GWC2-56-14 sp001803705,3,3
Contig/Scaffold,71.23,0.91,1731153,PRJNA288027,MQ,genbank,GCA_001805025.1,d__Bacteria;p__Nitrospirota;c__Nitrospiria;o__HDB-SIOI813;f__HDB-SIOI813;g__HDB-SIOI813;s__HDB-SIOI813 sp001805205,3,3
Contig/Scaffold,94.49,1.19,3053843,PRJNA348753,MQ,genbank,GCA_002451135.1,d__Bacteria;p__Nitrospirota;c__Thermodesulfovibrionia;o__UBA6902;f__UBA6902;g__UBA6902;s__UBA6902 sp002451135,3,3
Contig/Scaffold,96.14,0,2108533,PRJNA362739,MQ,genbank,GCA_002781345.1,d__Bacteria;p__Nitrospirota;c__Thermodesulfovibrionia;o__Thermodesulfovibrionales;f__UBA1546;g__UBA1546;s__UBA1546 sp001871685,0,0
Contig/Scaffold,76.36,0,1286946,PRJNA419931,MQ,genbank,GCA_002878055.1,d__Bacteria;p__Nitrospirota;c__Thermodesulfovibrionia;o__Thermodesulfovibrionales;f__Thermodesulfovibrionaceae;g__Thermodesulfovibrio;s__Thermodesulfovibrio aggregans_A,1,0
Contig/Scaffold,84.26,0,2057909,PRJNA385762,MQ,genbank,GCA_003232715.1,d__Bacteria;p__Nitrospirota;c__Thermodesulfovibrionia;o__Thermodesulfovibrionales;f__JdFR-85;g__BMS3Bbin07;s__BMS3Bbin07 sp003232715,3,3
Contig/Scaffold,76.65,0.45,2689567,PRJNA385762,MQ,genbank,GCA_003235785.1,d__Bacteria;p__Nitrospirota;c__Nitrospiria;o__Nitrospirales;f__UBA8639;g__UBA8639;s__UBA8639 sp003235785,7,7
Contig/Scaffold,82.59,2.8,2169830,PRJNA449266,MQ,genbank,GCA_005877505.1,d__Bacteria;p__Nitrospirota;c__Nitrospiria;o__Nitrospirales;f__NS-4;g__NS-12;s__NS-12 sp005877505,5,5
Contig/Scaffold,88.08,2.73,2710112,PRJNA449266,MQ,genbank,GCA_005877575.1,d__Bacteria;p__Nitrospirota;c__Nitrospiria;o__Nitrospirales;f__Nitrospiraceae;g__40CM-3-62-11;s__40CM-3-62-11 sp001914955,7,7
Contig/Scaffold,97.27,1.6,2628517,PRJNA480137,MQ,genbank,GCA_011321725.1,d__Bacteria;p__Nitrospirota;c__Thermodesulfovibrionia;o__Thermodesulfovibrionales;f__JdFR-85;g__JAADHP01;s__JAADHP01 sp011321725,2,2
Contig/Scaffold,96.76,3.18,3581610,PRJNA622654,MQ,genbank,GCA_013140715.1,d__Bacteria;p__Nitrospirota;c__Nitrospiria;o__Nitrospirales;f__Nitrospiraceae;g__Palsa-1315;s__Palsa-1315 sp013140715,7,1
Contig/Scaffold,78.96,3.08,3004356,PRJEB25176,MQ,genbank,GCA_900299245.1,d__Bacteria;p__Nitrospirota;c__Nitrospiria;o__Nitrospirales;f__Nitrospiraceae;g__Nitrospira_D;s__Nitrospira_D sp900299245,7,6
Complete/Chromosome,97.67,2.27,4317083,PRJNA224116,HQ,refseq,GCF_000196815.1,d__Bacteria;p__Nitrospirota;c__Nitrospiria;o__Nitrospirales;f__Nitrospiraceae;g__Nitrospira_A;s__Nitrospira_A defluvii_A,0,0
Complete/Chromosome,95.91,2.73,4509223,PRJNA224116,HQ,refseq,GCF_011405515.1,d__Bacteria;p__Nitrospirota;c__Nitrospiria;o__Nitrospirales;f__Nitrospiraceae;g__Nitrospira_C;s__Nitrospira_C sp011405515,12,0
Contig/Scaffold,77.27,2.45,2770094,PRJNA224116,MQ,refseq,GCF_900302705.1,d__Bacteria;p__Nitrospirota;c__Thermodesulfovibrionia;o__Thermodesulfovibrionales;f__UBA6898;g__Sulfobium;s__Sulfobium mesophilum,0,0
Contig/Scaffold,94.55,1.82,2050278,PRJNA269163,MQ,genbank,GCA_002011735.1,d__Bacteria;p__Nitrospirota;c__Thermodesulfovibrionia;o__UBA6902;f__JdFR-81;g__JdFR-81;s__JdFR-81 sp002011735,3,3
Contig/Scaffold,93.12,2.78,3563798,PRJNA348753,MQ,genbank,GCA_002331335.1,d__Bacteria;p__Nitrospirota;c__Nitrospiria;o__Nitrospirales;f__Nitrospiraceae;g__Nitrospira_F;s__Nitrospira_F sp002331335,10,1
Contig/Scaffold,69.12,2.73,3271598,PRJNA348753,MQ,genbank,GCA_002473245.1,d__Bacteria;p__Nitrospirota;c__Nitrospiria;o__Nitrospirales;f__Nitrospiraceae;g__Nitrospira_A;s__Nitrospira_A sp900170025,9,8
Contig/Scaffold,96.59,0.91,1966650,PRJNA362739,MQ,genbank,GCA_002790775.1,d__Bacteria;p__Nitrospirota;c__Thermodesulfovibrionia;o__Thermodesulfovibrionales;f__SM23-35;g__0-14-3-00-41-53;s__0-14-3-00-41-53 sp002780895,3,3
Contig/Scaffold,93.07,2.73,3409230,PRJNA384587,MQ,genbank,GCA_002869855.2,d__Bacteria;p__Nitrospirota;c__Nitrospiria;o__Nitrospirales;f__Nitrospiraceae;g__Nitrospira_D;s__Nitrospira_D sp002869855,10,4
Contig/Scaffold,92.73,2.73,2486350,PRJDB5792,MQ,genbank,GCA_002897755.1,d__Bacteria;p__Nitrospirota;c__Thermodesulfovibrionia;o__UBA6902;f__BMS3Bbin08;g__BMS3Bbin08;s__BMS3Bbin08 sp002897775,4,2
Contig/Scaffold,86.31,0,1846228,PRJDB5792,MQ,genbank,GCA_002897915.1,d__Bacteria;p__Nitrospirota;c__Thermodesulfovibrionia;o__UBA6902;f__UBA6902;g__BMS3Abin09;s__BMS3Abin09 sp002897915,0,0
Contig/Scaffold,80.14,1.36,2870383,PRJNA386568,MQ,genbank,GCA_003156895.1,d__Bacteria;p__Nitrospirota;c__Thermodesulfovibrionia;o__Thermodesulfovibrionales;f__UBA9935;g__Fen-1308;s__Fen-1308 sp003170655,3,3
Contig/Scaffold,77.17,0.91,2819008,PRJNA386568,MQ,genbank,GCA_003168405.1,d__Bacteria;p__Nitrospirota;c__Thermodesulfovibrionia;o__Thermodesulfovibrionales;f__UBA9935;g__Fen-1308;s__Fen-1308 sp003170655,1,1
Contig/Scaffold,92.92,4.55,2227758,PRJNA449266,MQ,genbank,GCA_005877565.1,d__Bacteria;p__Nitrospirota;c__Nitrospiria;o__Nitrospirales;f__NS-4;g__NS-12;s__NS-12 sp005877565,5,5
Contig/Scaffold,86.76,2.73,2646610,PRJNA449266,MQ,genbank,GCA_005877815.1,d__Bacteria;p__Nitrospirota;c__Nitrospiria;o__Nitrospirales;f__NS-4;g__NS-4;s__NS-4 sp005877815,4,3
Contig/Scaffold,95.45,3.86,2201017,PRJNA555144,MQ,genbank,GCA_009840285.1,d__Bacteria;p__Nitrospirota;c__Nitrospiria;o__Nitrospirales;f__UBA8639;g__Bin75;s__Bin75 sp009840285,9,9
Contig/Scaffold,93.58,5.05,4699238,PRJNA406858,MQ,genbank,GCA_011090425.1,d__Bacteria;p__Nitrospirota;c__Nitrospiria;o__Nitrospirales;f__Nitrospiraceae;g__Nitrospira_F;s__Nitrospira_F sp011090425,10,4
Contig/Scaffold,90.99,0,1307492,PRJNA480137,MQ,genbank,GCA_011338125.1,d__Bacteria;p__Nitrospirota;c__Thermodesulfovibrionia;o__Thermodesulfovibrionales;f__Thermodesulfovibrionaceae;g__Thermodesulfovibrio;s__Thermodesulfovibrio aggregans_B,0,0
Contig/Scaffold,92.27,2.73,2153794,PRJNA564648,MQ,genbank,GCA_013388435.1,d__Bacteria;p__Nitrospirota;c__Thermodesulfovibrionia;o__Thermodesulfovibrionales;f__SM23-35;g__UBA2194;s__UBA2194 sp013388435,3,3
Contig/Scaffold,92.1,1.82,3659777,PRJEB30654,MQ,genbank,GCA_902500715.1,d__Bacteria;p__Nitrospirota;c__Nitrospiria;o__Nitrospirales;f__Nitrospiraceae;g__Nitrospira_A;s__Nitrospira_A sp902500715,8,6
Contig/Scaffold,99.08,0.92,2048874,PRJNA224116,HQ,refseq,GCF_000482825.1,d__Bacteria;p__Nitrospirota;c__Thermodesulfovibrionia;o__Thermodesulfovibrionales;f__Thermodesulfovibrionaceae;g__Thermodesulfovibrio;s__Thermodesulfovibrio yellowstonii,1,0
Contig/Scaffold,99.08,0,1932479,PRJNA224116,HQ,refseq,GCF_006538445.1,d__Bacteria;p__Nitrospirota;c__Thermodesulfovibrionia;o__Thermodesulfovibrionales;f__Thermodesulfovibrionaceae;g__Thermodesulfovibrio;s__Thermodesulfovibrio yellowstonii,1,0
Contig/Scaffold,69.48,0.97,2579265,PRJNA288027,MQ,genbank,GCA_001803645.1,d__Bacteria;p__Nitrospirota;c__Thermodesulfovibrionia;o__Thermodesulfovibrionales;f__UBA6898;g__GWC2-42-7;s__GWC2-42-7 sp001803645,6,6
Contig/Scaffold,70.61,0.06,2550477,PRJNA288027,MQ,genbank,GCA_001803725.1,d__Bacteria;p__Nitrospirota;c__UBA9217;o__UBA9217;f__UBA9217;g__GWC2-57-13;s__GWC2-57-13 sp001805055,2,2
Contig/Scaffold,93.18,1.42,3319930,PRJNA288027,MQ,genbank,GCA_001805055.1,d__Bacteria;p__Nitrospirota;c__UBA9217;o__UBA9217;f__UBA9217;g__GWC2-57-13;s__GWC2-57-13 sp001805055,3,3
Contig/Scaffold,95.85,3.69,4415371,PRJNA315256,MQ,genbank,GCA_002083365.1,d__Bacteria;p__Nitrospirota;c__Nitrospiria;o__Nitrospirales;f__Nitrospiraceae;g__Nitrospira_F;s__Nitrospira_F sp002083365,13,3
Contig/Scaffold,94.32,0,2144008,PRJNA362739,MQ,genbank,GCA_002783085.1,d__Bacteria;p__Nitrospirota;c__Thermodesulfovibrionia;o__Thermodesulfovibrionales;f__UBA1546;g__UBA1546;s__UBA1546 sp001871685,2,2
Contig/Scaffold,89.09,2.73,2857618,PRJNA385762,MQ,genbank,GCA_003252075.1,d__Bacteria;p__Nitrospirota;c__Thermodesulfovibrionia;o__Thermodesulfovibrionales;f__UBA6898;g__UBA6898;s__UBA6898 sp003252075,4,4
Contig/Scaffold,93.64,6.39,4169266,PRJNA415343,MQ,genbank,GCA_003354025.1,d__Bacteria;p__Nitrospirota;c__Thermodesulfovibrionia;o__UBA6902;f__UBA6902;g__Glo-13;s__Glo-13 sp003354025,6,4
Contig/Scaffold,78.36,4.63,4905828,PRJNA417962,MQ,genbank,GCA_003523945.1,d__Bacteria;p__Nitrospirota;c__Nitrospiria;o__Nitrospirales;f__UBA8639;g__UBA8639;s__UBA8639 sp003523945,14,14
Contig/Scaffold,70.45,1.82,1397882,PRJNA355136,MQ,genbank,GCA_003599795.1,d__Bacteria;p__Nitrospirota;c__Thermodesulfovibrionia;o__Thermodesulfovibrionales;f__UBA1546;g__UBA1546;s__UBA1546 sp003599795,1,1
Contig/Scaffold,80.85,1.82,1973679,PRJNA384587,MQ,genbank,GCA_005116815.1,d__Bacteria;p__Nitrospirota;c__Nitrospiria;o__Nitrospirales;f__Nitrospiraceae;g__Palsa-1315;s__Palsa-1315 sp005116815,5,2
Contig/Scaffold,94.94,1.87,3449157,PRJNA384587,MQ,genbank,GCA_005116865.1,d__Bacteria;p__Nitrospirota;c__Nitrospiria;o__Nitrospirales;f__Nitrospiraceae;g__Nitrospira_D;s__Nitrospira_D sp002869855,8,0
Contig/Scaffold,73.33,1.02,2325461,PRJNA449266,MQ,genbank,GCA_005877535.1,d__Bacteria;p__Nitrospirota;c__Nitrospiria;o__Nitrospirales;f__Nitrospiraceae;g__Palsa-1315;s__Palsa-1315 sp005877535,3,3
Contig/Scaffold,95.35,3.64,3063331,PRJNA449266,MQ,genbank,GCA_005877775.1,d__Bacteria;p__Nitrospirota;c__Nitrospiria;o__Nitrospirales;f__Nitrospiraceae;g__NS-7;s__NS-7 sp005877775,8,7
Contig/Scaffold,94.09,3.89,3353403,PRJNA480137,HQ,genbank,GCA_011040195.1,d__Bacteria;p__Nitrospirota;c__Thermodesulfovibrionia;o__UBA6902;f__UBA6902;g__BMS3ABIN06;s__BMS3ABIN06 sp002897895,2,1
Contig/Scaffold,93.98,4.6,4446054,PRJNA480137,MQ,genbank,GCA_011331925.1,d__Bacteria;p__Nitrospirota;c__Nitrospiria;o__Nitrospirales;f__Nitrospiraceae;g__Nitrospira_F;s__Nitrospira_F sp011331925,9,8
Contig/Scaffold,74.42,1.95,2602885,PRJNA622654,MQ,genbank,GCA_013141215.1,d__Bacteria;p__Nitrospirota;c__Nitrospiria;o__Nitrospirales;f__Nitrospiraceae;g__Palsa-1315;s__Palsa-1315 sp013141215,5,5
Contig/Scaffold,91.31,0,3969535,PRJEB30654,MQ,genbank,GCA_902500995.1,d__Bacteria;p__Nitrospirota;c__Nitrospiria;o__Nitrospirales;f__Nitrospiraceae;g__Nitrospira_A;s__Nitrospira_A sp902500995,10,2
Complete/Chromosome,96.82,3.92,4084817,PRJNA224116,HQ,refseq,GCF_900169565.1,d__Bacteria;p__Nitrospirota;c__Nitrospiria;o__Nitrospirales;f__Nitrospiraceae;g__Nitrospira_C;s__Nitrospira_C japonica,14,0
Contig/Scaffold,60.95,0.91,1566243,PRJNA288027,MQ,genbank,GCA_001803815.1,d__Bacteria;p__Nitrospirota;c__Nitrospiria;o__9FT-COMBO-42-15;f__9FT-COMBO-42-15;g__9FT-COMBO-42-15;s__9FT-COMBO-42-15 sp001803815,0,0
Contig/Scaffold,92.12,0,1895945,PRJNA348753,MQ,genbank,GCA_002339325.1,d__Bacteria;p__Nitrospirota;c__Thermodesulfovibrionia;o__Thermodesulfovibrionales;f__Thermodesulfovibrionaceae;g__Thermodesulfovibrio;s__Thermodesulfovibrio sp002339325,0,0
Contig/Scaffold,96.14,0.91,1986433,PRJNA362739,MQ,genbank,GCA_002785245.1,d__Bacteria;p__Nitrospirota;c__Thermodesulfovibrionia;o__Thermodesulfovibrionales;f__SM23-35;g__0-14-3-00-41-53;s__0-14-3-00-41-53 sp002780895,2,2
Contig/Scaffold,95.23,0,1938687,PRJNA362739,MQ,genbank,GCA_002790755.1,d__Bacteria;p__Nitrospirota;c__Thermodesulfovibrionia;o__Thermodesulfovibrionales;f__UBA1546;g__UBA1546;s__UBA1546 sp001871685,1,1
Contig/Scaffold,54.55,0.91,1328472,PRJDB5792,MQ,genbank,GCA_002898055.1,d__Bacteria;p__Nitrospirota;c__Thermodesulfovibrionia;o__UBA6902;f__UBA6902;g__BMS3Abin09;s__BMS3Abin09 sp002897915,1,1
Contig/Scaffold,82.21,1.82,2357155,PRJNA386568,MQ,genbank,GCA_003156875.1,d__Bacteria;p__Nitrospirota;c__Thermodesulfovibrionia;o__Thermodesulfovibrionales;f__UBA9935;g__Fen-1308;s__Fen-1308 sp003170655,2,2
Contig/Scaffold,92.67,5.41,4192498,PRJNA417962,MQ,genbank,GCA_003529185.1,d__Bacteria;p__Nitrospirota;c__Nitrospiria;o__Nitrospirales;f__Nitrospiraceae;g__Nitrospira_F;s__Nitrospira_F sp002420115,10,6
Contig/Scaffold,93.9,0.91,1798230,PRJDB6656,MQ,genbank,GCA_003569385.1,d__Bacteria;p__Nitrospirota;c__Nitrospiria;o__Nitrospirales;f__Nitrospiraceae;g__Palsa-1315;s__Palsa-1315 sp002737345,5,1
Contig/Scaffold,100,5.45,3226325,PRJNA514088,MQ,genbank,GCA_004321925.1,d__Bacteria;p__Nitrospirota;c__Thermodesulfovibrionia;o__Thermodesulfovibrionales;f__UBA6898;g__PALSA-1316;s__PALSA-1316 sp004321925,1,0
Contig/Scaffold,87.34,1.82,1545241,PRJNA531348,MQ,genbank,GCA_005798745.1,d__Bacteria;p__Nitrospirota;c__Nitrospiria;o__Nitrospirales;f__Nitrospiraceae;g__Palsa-1315;s__Palsa-1315 sp002737345,3,3
Contig/Scaffold,67.44,0.05,2049565,PRJNA594844,MQ,genbank,GCA_011391455.1,d__Bacteria;p__Nitrospirota;c__Nitrospiria;o__Nitrospirales;f__Nitrospiraceae;g__Palsa-1315;s__Palsa-1315 sp011391455,4,3
Contig/Scaffold,96.97,0.91,3037170,PRJNA520935,MQ,genbank,GCA_012026685.1,d__Bacteria;p__Nitrospirota;c__Thermodesulfovibrionia;o__Thermodesulfovibrionales;f__UBA6898;g__UBA6898;s__UBA6898 sp012026685,2,1
Contig/Scaffold,95.45,1.82,2714784,PRJNA602310,MQ,genbank,GCA_012517735.1,d__Bacteria;p__Nitrospirota;c__Thermodesulfovibrionia;o__Thermodesulfovibrionales;f__UBA9935;g__JAAYUK01;s__JAAYUK01 sp012517735,1,1
Contig/Scaffold,71.47,0.48,2006898,PRJNA557557,MQ,genbank,GCA_013151785.1,d__Bacteria;p__Nitrospirota;c__Thermodesulfovibrionia;o__Thermodesulfovibrionales;f__JdFR-85;g__JAADHP01;s__JAADHP01 sp013151785,2,2
Contig/Scaffold,78.28,3.36,3243273,PRJNA630822,MQ,genbank,GCA_013817135.1,d__Bacteria;p__Nitrospirota;c__Nitrospiria;o__Nitrospirales;f__UBA8639;g__UBA8639;s__UBA8639 sp013817135,3,3
Contig/Scaffold,94.49,5,3401145,PRJEB31362,MQ,genbank,GCA_900696565.1,d__Bacteria;p__Nitrospirota;c__Nitrospiria;o__Nitrospirales;f__Nitrospiraceae;g__Nitrospira_A;s__Nitrospira_A sp001567445,11,9
Contig/Scaffold,94.94,2.83,3785413,PRJEB30654,MQ,genbank,GCA_902500825.1,d__Bacteria;p__Nitrospirota;c__Nitrospiria;o__Nitrospirales;f__Nitrospiraceae;g__Nitrospira_F;s__Nitrospira_F sp902500825,9,0
Contig/Scaffold,100,0.91,1997652,PRJNA224116,HQ,refseq,GCF_001514535.1,d__Bacteria;p__Nitrospirota;c__Thermodesulfovibrionia;o__Thermodesulfovibrionales;f__Thermodesulfovibrionaceae;g__Thermodesulfovibrio;s__Thermodesulfovibrio aggregans,1,0
Contig/Scaffold,89.55,0.91,2378495,PRJNA288027,MQ,genbank,GCA_001803795.1,d__Bacteria;p__Nitrospirota;c__RBG-16-64-22;o__RBG-16-64-22;f__RBG-16-64-22;g__RBG-16-64-22;s__RBG-16-64-22 sp001803795,2,1
Contig/Scaffold,86.23,2.73,2071204,PRJNA348753,MQ,genbank,GCA_002328825.1,d__Bacteria;p__Nitrospirota;c__Nitrospiria;o__Nitrospirales;f__UBA2166;g__UBA2166;s__UBA2166 sp002328825,2,2
Contig/Scaffold,90.3,3.64,3440608,PRJNA348753,MQ,genbank,GCA_002420105.1,d__Bacteria;p__Nitrospirota;c__Nitrospiria;o__Nitrospirales;f__Nitrospiraceae;g__Nitrospira_C;s__Nitrospira_C sp002420105,10,5
Contig/Scaffold,94.24,3.18,3713224,PRJNA400260,MQ,genbank,GCA_002753395.1,d__Bacteria;p__Nitrospirota;c__Thermodesulfovibrionia;o__Thermodesulfovibrionales;f__Magnetobacteriaceae;g__Magnetobacterium;s__Magnetobacterium sp002753395,1,1
Contig/Scaffold,93.98,4.09,3453425,PRJNA384587,MQ,genbank,GCA_002869895.2,d__Bacteria;p__Nitrospirota;c__Nitrospiria;o__Nitrospirales;f__Nitrospiraceae;g__Palsa-1315;s__Palsa-1315 sp002869895,9,3
Contig/Scaffold,96.36,3.64,2711517,PRJDB5792,HQ,genbank,GCA_002897775.1,d__Bacteria;p__Nitrospirota;c__Thermodesulfovibrionia;o__UBA6902;f__BMS3Bbin08;g__BMS3Bbin08;s__BMS3Bbin08 sp002897775,4,2
Contig/Scaffold,91.72,0.91,2833964,PRJNA386568,MQ,genbank,GCA_003170655.1,d__Bacteria;p__Nitrospirota;c__Thermodesulfovibrionia;o__Thermodesulfovibrionales;f__UBA9935;g__Fen-1308;s__Fen-1308 sp003170655,1,1
Contig/Scaffold,83.36,4.55,2656272,PRJNA385762,MQ,genbank,GCA_003228495.1,d__Bacteria;p__Nitrospirota;c__Nitrospiria;o__Nitrospirales;f__UBA8639;g__UBA8639;s__UBA8639 sp003228495,9,9
Contig/Scaffold,72.55,0.91,3359186,PRJNA417962,MQ,genbank,GCA_003456185.1,d__Bacteria;p__Nitrospirota;c__Nitrospiria;o__Nitrospirales;f__Nitrospiraceae;g__Nitrospira_A;s__Nitrospira_A sp900170025,7,7
Contig/Scaffold,93.35,3.64,4173467,PRJNA514088,MQ,genbank,GCA_004297235.1,d__Bacteria;p__Nitrospirota;c__Nitrospiria;o__SBBL01;f__SCUR01;g__Manganitrophus;s__Manganitrophus sp004297235,2,2
Contig/Scaffold,95.85,2.73,2626242,PRJNA384587,MQ,genbank,GCA_005116825.1,d__Bacteria;p__Nitrospirota;c__Nitrospiria;o__Nitrospirales;f__Nitrospiraceae;g__Palsa-1315;s__Palsa-1315 sp002869885,3,1
Contig/Scaffold,68.48,0,2977820,PRJNA384587,MQ,genbank,GCA_005116935.1,d__Bacteria;p__Nitrospirota;c__Nitrospiria;o__Nitrospirales;f__Nitrospiraceae;g__Nitrospira_A;s__Nitrospira_A sp900170025,7,0
Contig/Scaffold,94.29,3.69,3652766,PRJNA384587,MQ,genbank,GCA_005116955.1,d__Bacteria;p__Nitrospirota;c__Nitrospiria;o__Nitrospirales;f__Nitrospiraceae;g__Nitrospira_F;s__Nitrospira_F sp005116955,7,0
Contig/Scaffold,95.83,3.01,3727801,PRJNA384587,MQ,genbank,GCA_005116965.1,d__Bacteria;p__Nitrospirota;c__Nitrospiria;o__Nitrospirales;f__Nitrospiraceae;g__Nitrospira_F;s__Nitrospira_F sp005116965,9,1
Contig/Scaffold,88.61,6.36,2411402,PRJNA449266,MQ,genbank,GCA_005877855.1,d__Bacteria;p__Nitrospirota;c__Nitrospiria;o__Nitrospirales;f__NS-4;g__NS-12;s__NS-12 sp005877855,7,7
Contig/Scaffold,90.4,6.36,3215483,PRJNA494230,MQ,genbank,GCA_009377845.1,d__Bacteria;p__Nitrospirota;c__Nitrospiria;o__Nitrospirales;f__UBA8639;g__UBA8639;s__UBA8639 sp009377845,7,5
Contig/Scaffold,97.73,1.82,4448316,PRJNA575653,HQ,genbank,GCA_014055465.1,d__Bacteria;p__Nitrospirota;c__Nitrospiria;o__Nitrospirales;f__Nitrospiraceae;g__Nitrospira_A;s__Nitrospira_A sp014055465,11,0
Contig/Scaffold,85.71,1.82,2170943,PRJEB25176,MQ,genbank,GCA_900299325.1,d__Bacteria;p__Nitrospirota;c__Nitrospiria;o__Nitrospirales;f__Nitrospiraceae;g__OMJK01;s__OMJK01 sp900299325,4,3
Contig/Scaffold,98.18,1.82,3293349,PRJEB38681,MQ,genbank,GCA_903843525.1,d__Bacteria;p__Nitrospirota;c__Thermodesulfovibrionia;o__Thermodesulfovibrionales;f__UBA9935;g__Fen-1308;s__Fen-1308 sp903822005,5,0
Contig/Scaffold,96.76,2.73,4117083,PRJNA224116,HQ,refseq,GCF_001458775.1,d__Bacteria;p__Nitrospirota;c__Nitrospiria;o__Nitrospirales;f__Nitrospiraceae;g__Nitrospira_F;s__Nitrospira_F nitrificans,9,1
Contig/Scaffold,83.79,0,1966929,PRJDB833,MQ,genbank,GCA_001312085.1,d__Bacteria;p__Nitrospirota;c__Thermodesulfovibrionia;o__Thermodesulfovibrionales;f__Thermodesulfovibrionaceae;g__Thermodesulfovibrio;s__Thermodesulfovibrio aggregans,1,1
Contig/Scaffold,93.58,2.78,2659365,PRJNA288027,HQ,genbank,GCA_001805245.1,d__Bacteria;p__Nitrospirota;c__Nitrospiria;o__Nitrospirales;f__Nitrospiraceae;g__2-02-FULL-62-14;s__2-02-FULL-62-14 sp001805245,6,4
Contig/Scaffold,91.82,5.73,4009378,PRJNA315256,MQ,genbank,GCA_002083555.1,d__Bacteria;p__Nitrospirota;c__Nitrospiria;o__Nitrospirales;f__Nitrospiraceae;g__Nitrospira_D;s__Nitrospira_D sp002083555,9,0
Contig/Scaffold,78.07,0,3822965,PRJNA348753,MQ,genbank,GCA_002483475.1,d__Bacteria;p__Nitrospirota;c__Nitrospiria;o__Nitrospirales;f__Nitrospiraceae;g__Nitrospira_F;s__Nitrospira_F sp900696515,9,5
Contig/Scaffold,91.31,0.91,1671164,PRJNA396997,HQ,genbank,GCA_002737345.1,d__Bacteria;p__Nitrospirota;c__Nitrospiria;o__Nitrospirales;f__Nitrospiraceae;g__Palsa-1315;s__Palsa-1315 sp002737345,5,2
Contig/Scaffold,96.59,0.91,2008182,PRJNA362739,MQ,genbank,GCA_002780895.1,d__Bacteria;p__Nitrospirota;c__Thermodesulfovibrionia;o__Thermodesulfovibrionales;f__SM23-35;g__0-14-3-00-41-53;s__0-14-3-00-41-53 sp002780895,3,3
Contig/Scaffold,94,1.82,3556202,PRJNA386568,MQ,genbank,GCA_003158615.1,d__Bacteria;p__Nitrospirota;c__Thermodesulfovibrionia;o__Thermodesulfovibrionales;f__UBA9935;g__Fen-1308;s__Fen-1308 sp003170655,2,2
Contig/Scaffold,58.62,0,1223771,PRJNA417962,MQ,genbank,GCA_003510545.1,d__Bacteria;p__Nitrospirota;c__Thermodesulfovibrionia;o__Thermodesulfovibrionales;f__UBA1546;g__UBA1546;s__UBA1546 sp001805105,1,1
Contig/Scaffold,87.92,1.87,2186776,PRJNA417962,MQ,genbank,GCA_003538695.1,d__Bacteria;p__Nitrospirota;c__Thermodesulfovibrionia;o__Thermodesulfovibrionales;f__UBA9935;g__GWB2-47-37;s__GWB2-47-37 sp001803635,1,1
Contig/Scaffold,96.48,3.18,3706191,PRJNA392119,MQ,genbank,GCA_003695915.1,d__Bacteria;p__Nitrospirota;c__Nitrospiria;o__Nitrospirales;f__UBA8639;g__J017;s__J017 sp003695915,6,3
Contig/Scaffold,91.21,1.06,1700542,PRJNA531348,MQ,genbank,GCA_005788665.1,d__Bacteria;p__Nitrospirota;c__Nitrospiria;o__Nitrospirales;f__Nitrospiraceae;g__Palsa-1315;s__Palsa-1315 sp002737345,5,3
Contig/Scaffold,90,1.55,2376056,PRJNA480137,MQ,genbank,GCA_011043155.1,d__Bacteria;p__Nitrospirota;c__Thermodesulfovibrionia;o__Thermodesulfovibrionales;f__BMS3Bbin05;g__BMS3Bbin05;s__BMS3Bbin05 sp002897855,2,2
Contig/Scaffold,94.55,2.83,2287467,PRJNA480137,MQ,genbank,GCA_011052325.1,d__Bacteria;p__Nitrospirota;c__Thermodesulfovibrionia;o__Thermodesulfovibrionales;f__JdFR-85;g__BMS3Bbin07;s__BMS3Bbin07 sp003232715,4,4
Contig/Scaffold,90.17,3.45,3854868,PRJNA622654,MQ,genbank,GCA_013141205.1,d__Bacteria;p__Nitrospirota;c__Nitrospiria;o__Nitrospirales;f__Nitrospiraceae;g__Nitrospira_F;s__Nitrospira_F sp005116965,8,8
Contig/Scaffold,92.73,2.73,2106667,PRJNA564648,MQ,genbank,GCA_013388455.1,d__Bacteria;p__Nitrospirota;c__Thermodesulfovibrionia;o__Thermodesulfovibrionales;f__SM23-35;g__JACAFF01;s__JACAFF01 sp013388455,3,2
Contig/Scaffold,95.85,2.73,4531683,PRJEB30654,MQ,genbank,GCA_902500775.1,d__Bacteria;p__Nitrospirota;c__Nitrospiria;o__Nitrospirales;f__Nitrospiraceae;g__Nitrospira_F;s__Nitrospira_F sp902500775,9,4
Contig/Scaffold,89.58,4.82,3434026,PRJEB30654,MQ,genbank,GCA_902500795.1,d__Bacteria;p__Nitrospirota;c__Nitrospiria;o__Nitrospirales;f__Nitrospiraceae;g__Nitrospira_F;s__Nitrospira_F sp902500705,11,8
Contig/Scaffold,98.18,3.64,3302825,PRJEB38681,MQ,genbank,GCA_903823195.1,d__Bacteria;p__Nitrospirota;c__Thermodesulfovibrionia;o__Thermodesulfovibrionales;f__UBA9935;g__Fen-1308;s__Fen-1308 sp903822005,6,6
Contig/Scaffold,92.2,4.77,2933690,PRJNA288027,MQ,genbank,GCA_001805125.1,d__Bacteria;p__Nitrospirota;c__Thermodesulfovibrionia;o__Thermodesulfovibrionales;f__SM23-35;g__RBG-13-39-12;s__RBG-13-39-12 sp001805125,4,4
Contig/Scaffold,85.09,0.91,1502367,PRJNA297582,MQ,genbank,GCA_001873265.1,d__Bacteria;p__Nitrospirota;c__Thermodesulfovibrionia;o__Thermodesulfovibrionales;f__SM23-35;g__0-14-3-00-41-53;s__0-14-3-00-41-53 sp002780895,1,1
Contig/Scaffold,66.84,0.91,1432564,PRJNA297196,MQ,genbank,GCA_001914545.1,d__Bacteria;p__Nitrospirota;c__Nitrospiria;o__Nitrospirales;f__Nitrospiraceae;g__40CM-3-62-11;s__40CM-3-62-11 sp001914955,6,6
Contig/Scaffold,59.41,1.82,1087550,PRJNA297196,MQ,genbank,GCA_001918505.1,d__Bacteria;p__Nitrospirota;c__Nitrospiria;o__Nitrospirales;f__Nitrospiraceae;g__40CM-3-62-11;s__40CM-3-62-11 sp001914955,2,2
Contig/Scaffold,74,2.73,3071492,PRJNA400260,MQ,genbank,GCA_002753455.1,d__Bacteria;p__Nitrospirota;c__Thermodesulfovibrionia;o__Thermodesulfovibrionales;f__Magnetobacteriaceae;g__Magnetobacterium;s__Magnetobacterium casensis,2,2
Contig/Scaffold,93.41,0,2015154,PRJNA362739,MQ,genbank,GCA_002771505.1,d__Bacteria;p__Nitrospirota;c__Thermodesulfovibrionia;o__Thermodesulfovibrionales;f__UBA1546;g__UBA1546;s__UBA1546 sp001871685,1,1
Contig/Scaffold,87.93,2.27,2704803,PRJNA386568,MQ,genbank,GCA_003168475.1,d__Bacteria;p__Nitrospirota;c__Thermodesulfovibrionia;o__Thermodesulfovibrionales;f__UBA9935;g__Fen-1308;s__Fen-1308 sp003170655,1,1
Contig/Scaffold,90.74,0.77,4663699,PRJNA417962,MQ,genbank,GCA_003453735.1,d__Bacteria;p__Nitrospirota;c__Thermodesulfovibrionia;o__Thermodesulfovibrionales;f__UBA9159;g__UBA9159;s__UBA9159 sp003453735,7,6
Contig/Scaffold,83.96,0.91,1976489,PRJNA488959,MQ,genbank,GCA_007570995.1,d__Bacteria;p__Nitrospirota;c__Nitrospiria;o__Nitrospirales;f__UBA8639;g__Bin75;s__Bin75 sp007570995,5,4
Contig/Scaffold,89.32,5.45,1879444,PRJNA405969,MQ,genbank,GCA_009993295.1,d__Bacteria;p__Nitrospirota;c__Thermodesulfovibrionia;o__Thermodesulfovibrionales;f__SM23-35;g__0-14-3-00-41-53;s__0-14-3-00-41-53 sp002780895,3,3
Contig/Scaffold,81,4.09,2469503,PRJNA603662,MQ,genbank,GCA_011087855.1,d__Bacteria;p__Nitrospirota;c__Nitrospiria;o__Nitrospirales;f__UBA8639;g__JAALKI01;s__JAALKI01 sp011088105,4,3
Contig/Scaffold,94.03,5.46,3952460,PRJNA598059,MQ,genbank,GCA_011525815.1,d__Bacteria;p__Nitrospirota;c__Nitrospiria;o__Nitrospirales;f__Nitrospiraceae;g__Nitrospira_A;s__Nitrospira_A sp001567445,10,7
Contig/Scaffold,92.44,2.32,3789341,PRJNA622654,MQ,genbank,GCA_013140455.1,d__Bacteria;p__Nitrospirota;c__Nitrospiria;o__Nitrospirales;f__Nitrospiraceae;g__Nitrospira_D;s__Nitrospira_D sp013140455,7,4
Contig/Scaffold,96.36,1.09,1725784,PRJNA557557,MQ,genbank,GCA_013151495.1,d__Bacteria;p__Nitrospirota;c__Thermodesulfovibrionia;o__Thermodesulfovibrionales;f__JdFR-85;g__JAADIE01;s__JAADIE01 sp013151495,0,0
Contig/Scaffold,93.86,0.91,3248677,PRJNA630822,MQ,genbank,GCA_013696305.1,d__Bacteria;p__Nitrospirota;c__Nitrospiria;o__Nitrospirales;f__Nitrospiraceae;g__Nitrospira_A;s__Nitrospira_A sp013696305,9,7
Contig/Scaffold,95,6.69,4062594,PRJNA575653,MQ,genbank,GCA_014055495.1,d__Bacteria;p__Nitrospirota;c__Nitrospiria;o__Nitrospirales;f__Nitrospiraceae;g__Nitrospira_A;s__Nitrospira_A sp014055495,9,8
Contig/Scaffold,53.51,0,1824712,PRJNA647683,MQ,genbank,GCA_014534095.1,d__Bacteria;p__Nitrospirota;c__Nitrospiria;o__Nitrospirales;f__Nitrospiraceae;g__Nitrospira_D;s__Nitrospira_D sp014534095,2,2
Contig/Scaffold,82.44,1.87,2664507,PRJEB30654,MQ,genbank,GCA_902500745.1,d__Bacteria;p__Nitrospirota;c__Nitrospiria;o__Nitrospirales;f__Nitrospiraceae;g__Nitrospira_F;s__Nitrospira_F sp902500745,7,6
Contig/Scaffold,94.03,2.27,4315314,PRJEB30654,MQ,genbank,GCA_902500805.1,d__Bacteria;p__Nitrospirota;c__Nitrospiria;o__Nitrospirales;f__Nitrospiraceae;g__Nitrospira_F;s__Nitrospira_F sp902500805,8,3
Complete/Chromosome,95.91,6.55,4589485,PRJNA224116,MQ,refseq,GCF_001273775.1,d__Bacteria;p__Nitrospirota;c__Nitrospiria;o__Nitrospirales;f__Nitrospiraceae;g__Nitrospira_E;s__Nitrospira_E moscoviensis,10,0
Contig/Scaffold,87.67,2.83,4111525,PRJNA301005,MQ,genbank,GCA_001464735.1,d__Bacteria;p__Nitrospirota;c__Nitrospiria;o__Nitrospirales;f__Nitrospiraceae;g__Nitrospira_F;s__Nitrospira_F sp001464735,9,3
Contig/Scaffold,64.39,0.91,1719853,PRJNA288027,MQ,genbank,GCA_001803925.1,d__Bacteria;p__Nitrospirota;c__Nitrospiria;o__HDB-SIOI813;f__HDB-SIOI813;g__HDB-SIOI813;s__HDB-SIOI813 sp001805205,4,4
Contig/Scaffold,85.85,2.73,2273558,PRJNA288027,MQ,genbank,GCA_001805225.1,d__Bacteria;p__Nitrospirota;c__Nitrospiria;o__Nitrospirales;f__Nitrospiraceae;g__2-02-FULL-62-14;s__2-02-FULL-62-14 sp001805245,4,4
Contig/Scaffold,65.18,0.91,1156351,PRJNA288027,MQ,genbank,GCA_001805235.1,d__Bacteria;p__Nitrospirota;c__Nitrospiria;o__HDB-SIOI813;f__HDB-SIOI813;g__HDB-SIOI813;s__HDB-SIOI813 sp001805205,0,0
Contig/Scaffold,95.8,3.64,3909997,PRJNA322674,MQ,genbank,GCA_002254365.1,d__Bacteria;p__Nitrospirota;c__Nitrospiria;o__Nitrospirales;f__Nitrospiraceae;g__Nitrospira_F;s__Nitrospira_F sp002254365,10,7
Contig/Scaffold,86.09,0.91,1871466,PRJNA348753,MQ,genbank,GCA_002323715.1,d__Bacteria;p__Nitrospirota;c__Thermodesulfovibrionia;o__Thermodesulfovibrionales;f__UBA1546;g__UBA1546;s__UBA1546 sp001871685,0,0
Contig/Scaffold,81.58,0,2695352,PRJNA348753,MQ,genbank,GCA_002435325.1,d__Bacteria;p__Nitrospirota;c__Nitrospiria;o__Nitrospirales;f__Nitrospiraceae;g__Nitrospira_D;s__Nitrospira_D sp002435325,7,2
Contig/Scaffold,86.26,5.45,2980303,PRJNA348753,MQ,genbank,GCA_002451165.1,d__Bacteria;p__Nitrospirota;c__Thermodesulfovibrionia;o__Thermodesulfovibrionales;f__UBA6898;g__UBA6898;s__UBA6898 sp002451165,4,4
Contig/Scaffold,94.03,2.73,3364916,PRJNA384587,MQ,genbank,GCA_002869925.2,d__Bacteria;p__Nitrospirota;c__Nitrospiria;o__Nitrospirales;f__Nitrospiraceae;g__Palsa-1315;s__Palsa-1315 sp002869925,7,2
Contig/Scaffold,96.76,3.18,4337406,PRJNA386568,MQ,genbank,GCA_003135435.1,d__Bacteria;p__Nitrospirota;c__Nitrospiria;o__Nitrospirales;f__Nitrospiraceae;g__Palsa-1315;s__Palsa-1315 sp003135435,12,7
Contig/Scaffold,93.59,2.73,4462745,PRJNA386568,MQ,genbank,GCA_003152135.1,d__Bacteria;p__Nitrospirota;c__Nitrospiria;o__Nitrospirales;f__Nitrospiraceae;g__Palsa-1315;s__Palsa-1315 sp003135435,8,6
Contig/Scaffold,79.34,1.82,2518712,PRJNA386568,MQ,genbank,GCA_003153275.1,d__Bacteria;p__Nitrospirota;c__Thermodesulfovibrionia;o__Thermodesulfovibrionales;f__UBA6898;g__PALSA-1316;s__PALSA-1316 sp003153275,1,0
Contig/Scaffold,95,0.91,2947344,PRJNA386568,MQ,genbank,GCA_003162155.1,d__Bacteria;p__Nitrospirota;c__Thermodesulfovibrionia;o__Thermodesulfovibrionales;f__UBA9935;g__Fen-1308;s__Fen-1308 sp003170655,4,4
Contig/Scaffold,82.92,3.24,3042927,PRJNA417962,MQ,genbank,GCA_003483085.1,d__Bacteria;p__Nitrospirota;c__UBA9217;o__UBA9217;f__UBA9217;g__GWC2-57-13;s__GWC2-57-13 sp001805055,1,1
Contig/Scaffold,71.05,1.75,1629470,PRJNA531348,MQ,genbank,GCA_005799365.1,d__Bacteria;p__Nitrospirota;c__Nitrospiria;o__Nitrospirales;f__Nitrospiraceae;g__SYGV01;s__SYGV01 sp005799365,3,2
Contig/Scaffold,93.3,3.86,4545155,PRJNA552823,HQ,genbank,GCA_009595005.1,d__Bacteria;p__Nitrospirota;c__Nitrospiria;o__Nitrospirales;f__Nitrospiraceae;g__Nitrospira_F;s__Nitrospira_F sp002254365,13,4
Contig/Scaffold,95.3,4.32,2533806,PRJNA555144,MQ,genbank,GCA_009843795.1,d__Bacteria;p__Nitrospirota;c__Nitrospiria;o__Nitrospirales;f__UBA8639;g__Bin75;s__Bin75 sp009842645,8,4
Contig/Scaffold,89.77,0,1775009,PRJNA405969,MQ,genbank,GCA_009993265.1,d__Bacteria;p__Nitrospirota;c__Thermodesulfovibrionia;o__Thermodesulfovibrionales;f__UBA1546;g__UBA1546;s__UBA1546 sp001871685,1,1
Contig/Scaffold,95.55,0.91,2595516,PRJNA603662,HQ,genbank,GCA_011088105.1,d__Bacteria;p__Nitrospirota;c__Nitrospiria;o__Nitrospirales;f__UBA8639;g__JAALKI01;s__JAALKI01 sp011088105,6,2
Contig/Scaffold,98.64,3.86,2506777,PRJNA594068,HQ,genbank,GCA_011523385.1,d__Bacteria;p__Nitrospirota;c__Nitrospiria;o__Nitrospirales;f__UBA8639;g__Bin75;s__Bin75 sp011523385,9,1
Contig/Scaffold,96.76,1.82,2370859,PRJNA522654,HQ,genbank,GCA_012960925.1,d__Bacteria;p__Nitrospirota;c__Nitrospiria;o__SBBL01;f__JAADHI01;g__DUAG01;s__DUAG01 sp012960925,2,1
Contig/Scaffold,90.45,0.91,2056751,PRJNA557557,MQ,genbank,GCA_013152485.1,d__Bacteria;p__Nitrospirota;c__Thermodesulfovibrionia;o__Thermodesulfovibrionales;f__JdFR-85;g__BMS3Bbin07;s__BMS3Bbin07 sp013152485,4,2
Contig/Scaffold,95.85,0.91,1785459,PRJNA636190,HQ,genbank,GCA_013521025.1,d__Bacteria;p__Nitrospirota;c__Nitrospiria;o__Nitrospirales;f__Nitrospiraceae;g__Palsa-1315;s__Palsa-1315 sp002737345,5,1
Contig/Scaffold,100,2.98,3597433,PRJNA323575,MQ,genbank,GCA_013824615.1,d__Bacteria;p__Nitrospirota;c__Thermodesulfovibrionia;o__Thermodesulfovibrionales;f__UBA6898;g__PALSA-1316;s__PALSA-1316 sp013824615,3,3
Contig/Scaffold,94.94,0.91,1842847,PRJDB6644,HQ,genbank,GCA_014192195.1,d__Bacteria;p__Nitrospirota;c__Nitrospiria;o__Nitrospirales;f__Nitrospiraceae;g__Palsa-1315;s__Palsa-1315 sp002737345,5,0
Contig/Scaffold,89.94,0.91,3600878,PRJEB30654,MQ,genbank,GCA_902500705.1,d__Bacteria;p__Nitrospirota;c__Nitrospiria;o__Nitrospirales;f__Nitrospiraceae;g__Nitrospira_F;s__Nitrospira_F sp902500705,12,8
Contig/Scaffold,92.82,4.65,3111729,PRJEB38681,MQ,genbank,GCA_903926985.1,d__Bacteria;p__Nitrospirota;c__Thermodesulfovibrionia;o__Thermodesulfovibrionales;f__UBA9935;g__Fen-1308;s__Fen-1308 sp903822005,5,5
Contig/Scaffold,94.55,0.91,1933175,PRJNA288027,MQ,genbank,GCA_001803945.1,d__Bacteria;p__Nitrospirota;c__Thermodesulfovibrionia;o__Thermodesulfovibrionales;f__UBA1546;g__UBA1546;s__UBA1546 sp001805105,1,1
Contig/Scaffold,98.18,1.82,2325903,PRJNA269163,MQ,genbank,GCA_002011745.1,d__Bacteria;p__Nitrospirota;c__Thermodesulfovibrionia;o__Thermodesulfovibrionales;f__JdFR-85;g__JdFR-85;s__JdFR-85 sp002011745,2,0
Contig/Scaffold,76.94,1.36,2871596,PRJNA348753,MQ,genbank,GCA_002299405.1,d__Bacteria;p__Nitrospirota;c__Nitrospiria;o__Nitrospirales;f__Nitrospiraceae;g__Nitrospira_A;s__Nitrospira_A sp900170025,10,9
Contig/Scaffold,93.64,3.36,1773176,PRJNA348753,MQ,genbank,GCA_002376155.1,d__Bacteria;p__Nitrospirota;c__Thermodesulfovibrionia;o__Thermodesulfovibrionales;f__JdFR-88;g__JdFR-88;s__JdFR-88 sp002011795,3,2
Contig/Scaffold,95,3.86,4375576,PRJNA348753,MQ,genbank,GCA_002420115.1,d__Bacteria;p__Nitrospirota;c__Nitrospiria;o__Nitrospirales;f__Nitrospiraceae;g__Nitrospira_F;s__Nitrospira_F sp002420115,10,5
Contig/Scaffold,86.53,2.55,3065969,PRJNA348753,MQ,genbank,GCA_002451055.1,d__Bacteria;p__Nitrospirota;c__Nitrospiria;o__Nitrospirales;f__Nitrospiraceae;g__Nitrospira_F;s__Nitrospira_F sp002451055,6,4
Contig/Scaffold,87.53,4.55,2975464,PRJDB5792,MQ,genbank,GCA_002897895.1,d__Bacteria;p__Nitrospirota;c__Thermodesulfovibrionia;o__UBA6902;f__UBA6902;g__BMS3ABIN06;s__BMS3ABIN06 sp002897895,2,1
Contig/Scaffold,99.09,7.73,3378962,PRJNA385762,MQ,genbank,GCA_003234985.1,d__Bacteria;p__Nitrospirota;c__Thermodesulfovibrionia;o__Thermodesulfovibrionales;f__UBA6898;g__UBA6898;s__UBA6898 sp003252075,5,5
Contig/Scaffold,74.29,3.91,2396342,PRJNA417962,MQ,genbank,GCA_003508715.1,d__Bacteria;p__Nitrospirota;c__Nitrospiria;o__HDB-SIOI813;f__HDB-SIOI813;g__HDB-SIOI813;s__HDB-SIOI813 sp001805205,3,3
Contig/Scaffold,60.47,0.97,1740638,PRJNA417962,MQ,genbank,GCA_003535475.1,d__Bacteria;p__Nitrospirota;c__Thermodesulfovibrionia;o__Thermodesulfovibrionales;f__UBA1546;g__UBA1546;s__UBA1546 sp003535475,1,1
Contig/Scaffold,94.03,2.73,3299906,PRJNA513947,MQ,genbank,GCA_005239465.1,d__Bacteria;p__Nitrospirota;c__Nitrospiria;o__Nitrospirales;f__Nitrospiraceae;g__Nitrospira_F;s__Nitrospira_F sp005239465,8,2
Contig/Scaffold,95.91,4.77,4603721,PRJNA598059,MQ,genbank,GCA_011525625.1,d__Bacteria;p__Nitrospirota;c__Nitrospiria;o__Nitrospirales;f__Nitrospiraceae;g__Nitrospira_A;s__Nitrospira_A sp003456605,10,3
Contig/Scaffold,88.52,5,3547636,PRJNA622654,MQ,genbank,GCA_013140535.1,d__Bacteria;p__Nitrospirota;c__Nitrospiria;o__Nitrospirales;f__Nitrospiraceae;g__Palsa-1315;s__Palsa-1315 sp005116835,5,5
Contig/Scaffold,94.03,1.82,4276258,PRJEB30654,MQ,genbank,GCA_902500695.1,d__Bacteria;p__Nitrospirota;c__Nitrospiria;o__Nitrospirales;f__UBA8639;g__UBA8639;s__UBA8639 sp902500695,7,3
Complete/Chromosome,99.08,3.67,2003803,PRJNA224116,HQ,refseq,GCF_000020985.1,d__Bacteria;p__Nitrospirota;c__Thermodesulfovibrionia;o__Thermodesulfovibrionales;f__Thermodesulfovibrionaceae;g__Thermodesulfovibrio;s__Thermodesulfovibrio yellowstonii,1,0
Contig/Scaffold,96.76,2.27,4422398,PRJNA224116,HQ,refseq,GCF_001458735.1,d__Bacteria;p__Nitrospirota;c__Nitrospiria;o__Nitrospirales;f__Nitrospiraceae;g__Nitrospira_F;s__Nitrospira_F nitrosa,10,1
Contig/Scaffold,98.18,0.91,3593273,PRJNA224116,HQ,refseq,GCF_001541255.1,d__Bacteria;p__Nitrospirota;c__Thermodesulfovibrionia;o__Thermodesulfovibrionales;f__Magnetobacteriaceae;g__HCH-1;s__HCH-1 sp001541255,0,0
Contig/Scaffold,62.65,0.91,1407242,PRJNA288027,MQ,genbank,GCA_001803875.1,d__Bacteria;p__Nitrospirota;c__Nitrospiria;o__SBBL01;f__2-01-FULL-66-17;g__2-01-FULL-66-17;s__2-01-FULL-66-17 sp001803875,2,2
Contig/Scaffold,96.59,0.91,2010069,PRJNA362739,MQ,genbank,GCA_002782165.1,d__Bacteria;p__Nitrospirota;c__Thermodesulfovibrionia;o__Thermodesulfovibrionales;f__SM23-35;g__0-14-3-00-41-53;s__0-14-3-00-41-53 sp002780895,3,3
Contig/Scaffold,90.32,0.23,1897066,PRJNA362739,MQ,genbank,GCA_002782185.1,d__Bacteria;p__Nitrospirota;c__Thermodesulfovibrionia;o__Thermodesulfovibrionales;f__UBA1546;g__UBA1546;s__UBA1546 sp001871685,1,1
Contig/Scaffold,95.45,0,2473732,PRJNA417962,MQ,genbank,GCA_003453275.1,d__Bacteria;p__Nitrospirota;c__Thermodesulfovibrionia;o__Thermodesulfovibrionales;f__UBA9935;g__GWB2-47-37;s__GWB2-47-37 sp001803635,2,2
Contig/Scaffold,90.8,4.09,3053955,PRJNA355136,MQ,genbank,GCA_003599275.1,d__Bacteria;p__Nitrospirota;c__Thermodesulfovibrionia;o__UBA6902;f__UBA6902;g__SURF-45;s__SURF-45 sp003599275,3,2
Contig/Scaffold,96.76,3.92,2658979,PRJNA514088,HQ,genbank,GCA_004298335.1,d__Bacteria;p__Nitrospirota;c__Nitrospiria;o__Nitrospirales;f__NS-4;g__SCTG01;s__SCTG01 sp004298335,5,4
Contig/Scaffold,82.94,1.89,2374030,PRJNA414404,MQ,genbank,GCA_005239925.1,d__Bacteria;p__Nitrospirota;c__Nitrospiria;o__SBBL01;f__SBBA01;g__SBBA01;s__SBBA01 sp005239925,1,1
Contig/Scaffold,90.91,2.73,3545157,PRJNA449266,MQ,genbank,GCA_005887945.1,d__Bacteria;p__Nitrospirota;c__Nitrospiria;o__Nitrospirales;f__Nitrospiraceae;g__Palsa-1315;s__Palsa-1315 sp005887945,8,8
Contig/Scaffold,70.99,2.12,2585997,PRJNA552823,MQ,genbank,GCA_009594835.1,d__Bacteria;p__Nitrospirota;c__Nitrospiria;o__Nitrospirales;f__Nitrospiraceae;g__Nitrospira_F;s__Nitrospira_F sp002254365,6,6
Contig/Scaffold,95.71,2.5,2549912,PRJNA555144,MQ,genbank,GCA_009842645.1,d__Bacteria;p__Nitrospirota;c__Nitrospiria;o__Nitrospirales;f__UBA8639;g__Bin75;s__Bin75 sp009842645,8,5
Contig/Scaffold,74.94,2.25,2758135,PRJNA480137,MQ,genbank,GCA_011040095.1,d__Bacteria;p__Nitrospirota;c__Thermodesulfovibrionia;o__UBA6902;f__UBA6902;g__BMS3ABIN06;s__BMS3ABIN06 sp011040095,3,3
Contig/Scaffold,63.85,2.03,2392648,PRJNA612530,MQ,genbank,GCA_012032965.1,d__Bacteria;p__Nitrospirota;c__Nitrospiria;o__Nitrospirales;f__Nitrospiraceae;g__Nitrospira_F;s__Nitrospira_F sp012032965,3,3
Contig/Scaffold,79.58,0.91,1487068,PRJNA522654,MQ,genbank,GCA_012963785.1,d__Bacteria;p__Nitrospirota;c__Nitrospiria;o__Nitrospirales;f__UBA2166;g__UBA2166;s__UBA2166 sp012965905,3,3
Contig/Scaffold,90.85,3.99,3733159,PRJNA552582,MQ,genbank,GCA_014379455.1,d__Bacteria;p__Nitrospirota;c__Nitrospiria;o__Nitrospirales;f__Nitrospiraceae;g__Palsa-1315;s__Palsa-1315 sp014379455,9,8
Complete/Chromosome,96.82,4.77,3295117,PRJNA224116,HQ,refseq,GCF_001458695.1,d__Bacteria;p__Nitrospirota;c__Nitrospiria;o__Nitrospirales;f__Nitrospiraceae;g__Nitrospira_F;s__Nitrospira_F inopinata,11,0
Contig/Scaffold,95.45,0.91,1986041,PRJNA288027,HQ,genbank,GCA_001805105.1,d__Bacteria;p__Nitrospirota;c__Thermodesulfovibrionia;o__Thermodesulfovibrionales;f__UBA1546;g__UBA1546;s__UBA1546 sp001805105,2,0
Contig/Scaffold,98.18,0.91,1858353,PRJNA269163,HQ,genbank,GCA_002011795.1,d__Bacteria;p__Nitrospirota;c__Thermodesulfovibrionia;o__Thermodesulfovibrionales;f__JdFR-88;g__JdFR-88;s__JdFR-88 sp002011795,3,2
Contig/Scaffold,92.06,4.6,2935895,PRJNA315256,MQ,genbank,GCA_002083565.1,d__Bacteria;p__Nitrospirota;c__Nitrospiria;o__Nitrospirales;f__Nitrospiraceae;g__Nitrospira_F;s__Nitrospira_F sp002083565,7,7
Contig/Scaffold,80.75,2.73,3388370,PRJNA348753,MQ,genbank,GCA_002380995.1,d__Bacteria;p__Nitrospirota;c__Nitrospiria;o__Nitrospirales;f__Nitrospiraceae;g__Nitrospira_A;s__Nitrospira_A sp900170025,11,10
Contig/Scaffold,98.18,0.91,3692324,PRJNA400260,MQ,genbank,GCA_002753435.1,d__Bacteria;p__Nitrospirota;c__Thermodesulfovibrionia;o__Thermodesulfovibrionales;f__Magnetobacteriaceae;g__HCH-1;s__HCH-1 sp001541255,3,0
Contig/Scaffold,91.82,0.91,2495865,PRJDB5792,MQ,genbank,GCA_002897875.1,d__Bacteria;p__Nitrospirota;c__Thermodesulfovibrionia;o__Thermodesulfovibrionales;f__JdFR-85;g__BMS3Abin08;s__BMS3Abin08 sp002897935,2,1
Contig/Scaffold,91.82,0.91,2614784,PRJDB5792,MQ,genbank,GCA_002897935.1,d__Bacteria;p__Nitrospirota;c__Thermodesulfovibrionia;o__Thermodesulfovibrionales;f__JdFR-85;g__BMS3Abin08;s__BMS3Abin08 sp002897935,2,1
Contig/Scaffold,88.79,0.91,2699044,PRJNA386568,MQ,genbank,GCA_003170055.1,d__Bacteria;p__Nitrospirota;c__Thermodesulfovibrionia;o__Thermodesulfovibrionales;f__UBA9935;g__Fen-1308;s__Fen-1308 sp003170655,2,2
Contig/Scaffold,79.42,4.14,4432703,PRJNA417962,MQ,genbank,GCA_003456605.1,d__Bacteria;p__Nitrospirota;c__Nitrospiria;o__Nitrospirales;f__Nitrospiraceae;g__Nitrospira_A;s__Nitrospira_A sp003456605,11,10
Contig/Scaffold,87.98,0.91,1806694,PRJNA417962,MQ,genbank,GCA_003500245.1,d__Bacteria;p__Nitrospirota;c__Thermodesulfovibrionia;o__Thermodesulfovibrionales;f__UBA1546;g__UBA1546;s__UBA1546 sp001805105,2,2
Contig/Scaffold,96.76,3.64,3259612,PRJNA514088,MQ,genbank,GCA_004296885.1,d__Bacteria;p__Nitrospirota;c__Nitrospiria;o__Nitrospirales;f__Nitrospiraceae;g__SYGV01;s__SYGV01 sp004296885,7,0
Contig/Scaffold,58.95,0.88,1601217,PRJNA531348,MQ,genbank,GCA_005793845.1,d__Bacteria;p__Nitrospirota;c__Nitrospiria;o__Nitrospirales;f__Nitrospiraceae;g__Palsa-1315;s__Palsa-1315 sp002737345,3,1
Contig/Scaffold,89.09,2.36,4025113,PRJNA552823,MQ,genbank,GCA_009594945.1,d__Bacteria;p__Nitrospirota;c__Nitrospiria;o__Nitrospirales;f__Nitrospiraceae;g__Nitrospira_A;s__Nitrospira_A sp014055465,11,2
Contig/Scaffold,98.18,2.73,2463938,PRJNA512237,MQ,genbank,GCA_009773415.1,d__Bacteria;p__Nitrospirota;c__Thermodesulfovibrionia;o__Thermodesulfovibrionales;f__UBA9935;g__JAAYUK01;s__JAAYUK01 sp009773415,2,1
Contig/Scaffold,92.34,1.14,2417217,PRJNA555144,MQ,genbank,GCA_009844615.1,d__Bacteria;p__Nitrospirota;c__Nitrospiria;o__Nitrospirales;f__UBA8639;g__Bin75;s__Bin75 sp009842645,7,5
Contig/Scaffold,67.9,1.82,1937063,PRJNA480137,MQ,genbank,GCA_011040335.1,d__Bacteria;p__Nitrospirota;c__Thermodesulfovibrionia;o__UBA6902;f__BMS3Bbin08;g__BMS3Bbin08;s__BMS3Bbin08 sp002897775,2,2
Contig/Scaffold,96.31,0,1588048,PRJNA480137,HQ,genbank,GCA_011047655.1,d__Bacteria;p__Nitrospirota;c__Thermodesulfovibrionia;o__UBA6902;f__DSMQ01;g__DSMQ01;s__DSMQ01 sp011047655,1,1
Contig/Scaffold,96.36,3.89,3753267,PRJNA480137,HQ,genbank,GCA_011050745.1,d__Bacteria;p__Nitrospirota;c__Thermodesulfovibrionia;o__UBA6902;f__UBA6902;g__BMS3ABIN06;s__BMS3ABIN06 sp002897895,3,2
Contig/Scaffold,70.6,2.78,2848677,PRJNA612530,MQ,genbank,GCA_012030925.1,d__Bacteria;p__Nitrospirota;c__Nitrospiria;o__Nitrospirales;f__Nitrospiraceae;g__Nitrospira_F;s__Nitrospira_F sp012030925,7,7
Contig/Scaffold,90.2,3.64,1933163,PRJNA632036,MQ,genbank,GCA_013349595.1,d__Bacteria;p__Nitrospirota;c__Thermodesulfovibrionia;o__Thermodesulfovibrionales;f__DUZI01;g__DUZI01;s__DUZI01 sp013349595,1,1
Contig/Scaffold,94.94,2.73,3897269,PRJEB30654,MQ,genbank,GCA_902500785.1,d__Bacteria;p__Nitrospirota;c__Nitrospiria;o__Nitrospirales;f__Nitrospiraceae;g__Nitrospira_A;s__Nitrospira_A sp902500785,9,3
Contig/Scaffold,92.42,0.91,3415676,PRJNA224116,HQ,refseq,GCF_000714715.1,d__Bacteria;p__Nitrospirota;c__Thermodesulfovibrionia;o__Thermodesulfovibrionales;f__Magnetobacteriaceae;g__Magnetobacterium;s__Magnetobacterium casensis,2,2
Contig/Scaffold,95.85,3.18,3756190,PRJNA224116,HQ,refseq,GCF_900403705.1,d__Bacteria;p__Nitrospirota;c__Nitrospiria;o__Nitrospirales;f__Nitrospiraceae;g__Nitrospira_D;s__Nitrospira_D lenta,9,1
Contig/Scaffold,61.31,1.41,1328125,PRJNA297058,MQ,genbank,GCA_001643555.1,d__Bacteria;p__Nitrospirota;c__Nitrospiria;o__Nitrospirales;f__UBA8639;g__SPGG5;s__SPGG5 sp001643555,3,3
Contig/Scaffold,92.27,0.91,2292831,PRJNA288027,MQ,genbank,GCA_001803605.1,d__Bacteria;p__Nitrospirota;c__Thermodesulfovibrionia;o__Thermodesulfovibrionales;f__UBA9935;g__GWB2-47-37;s__GWB2-47-37 sp001803635,2,1
Contig/Scaffold,96.36,0,2472158,PRJNA288027,MQ,genbank,GCA_001803635.1,d__Bacteria;p__Nitrospirota;c__Thermodesulfovibrionia;o__Thermodesulfovibrionales;f__UBA9935;g__GWB2-47-37;s__GWB2-47-37 sp001803635,1,1
Contig/Scaffold,89.77,0,1793524,PRJNA297582,MQ,genbank,GCA_001871685.1,d__Bacteria;p__Nitrospirota;c__Thermodesulfovibrionia;o__Thermodesulfovibrionales;f__UBA1546;g__UBA1546;s__UBA1546 sp001871685,1,1
Contig/Scaffold,75.4,2.73,2017118,PRJNA297196,MQ,genbank,GCA_001914955.1,d__Bacteria;p__Nitrospirota;c__Nitrospiria;o__Nitrospirales;f__Nitrospiraceae;g__40CM-3-62-11;s__40CM-3-62-11 sp001914955,6,4
Contig/Scaffold,86.82,2.27,1664127,PRJNA348753,MQ,genbank,GCA_002376445.1,d__Bacteria;p__Nitrospirota;c__Thermodesulfovibrionia;o__Thermodesulfovibrionales;f__JdFR-88;g__JdFR-88;s__JdFR-88 sp002011795,2,2
Contig/Scaffold,83.68,1.82,1873240,PRJNA391943,MQ,genbank,GCA_002726235.1,d__Bacteria;p__Nitrospirota;c__Nitrospiria;o__Nitrospirales;f__UBA2166;g__UBA2166;s__UBA2166 sp002726235,4,1
Contig/Scaffold,85.35,2.73,3596763,PRJNA400260,MQ,genbank,GCA_002753305.1,d__Bacteria;p__Nitrospirota;c__Thermodesulfovibrionia;o__Thermodesulfovibrionales;f__Magnetobacteriaceae;g__HCH-1;s__HCH-1 sp002753305,3,3
Contig/Scaffold,97.27,0.91,2047142,PRJNA362739,MQ,genbank,GCA_002780905.1,d__Bacteria;p__Nitrospirota;c__Thermodesulfovibrionia;o__Thermodesulfovibrionales;f__UBA1546;g__UBA1546;s__UBA1546 sp001871685,2,2
Contig/Scaffold,96.59,1.36,2112900,PRJNA362739,MQ,genbank,GCA_002787195.1,d__Bacteria;p__Nitrospirota;c__Thermodesulfovibrionia;o__Thermodesulfovibrionales;f__SM23-35;g__0-14-3-00-41-53;s__0-14-3-00-41-53 sp002780895,3,3
Contig/Scaffold,85.45,0,2689926,PRJDB5792,MQ,genbank,GCA_002897815.1,d__Bacteria;p__Nitrospirota;c__Thermodesulfovibrionia;o__Thermodesulfovibrionales;f__BMS3Bbin05;g__BMS3Bbin05;s__BMS3Bbin05 sp002897855,3,1
Contig/Scaffold,88.18,2,2901504,PRJNA355136,MQ,genbank,GCA_003599425.1,d__Bacteria;p__Nitrospirota;c__Thermodesulfovibrionia;o__UBA6902;f__UBA6902;g__SURF-23;s__SURF-23 sp003599425,7,7
Contig/Scaffold,95.59,3.28,2769672,PRJNA392119,MQ,genbank,GCA_003696975.1,d__Bacteria;p__Nitrospirota;c__Nitrospiria;o__Nitrospirales;f__UBA8639;g__J031;s__J031 sp003696975,9,6
Contig/Scaffold,70.15,0.91,2638145,PRJNA384587,MQ,genbank,GCA_005116795.1,d__Bacteria;p__Nitrospirota;c__Nitrospiria;o__Nitrospirales;f__Nitrospiraceae;g__RSF151;s__RSF151 sp005116795,3,3
Contig/Scaffold,81.02,3.64,3393310,PRJNA384587,MQ,genbank,GCA_005116945.1,d__Bacteria;p__Nitrospirota;c__Nitrospiria;o__Nitrospirales;f__Nitrospiraceae;g__Palsa-1315;s__Palsa-1315 sp005116945,9,0
Contig/Scaffold,91.36,2.73,3557573,PRJNA513947,MQ,genbank,GCA_005239475.1,d__Bacteria;p__Nitrospirota;c__Nitrospiria;o__Nitrospirales;f__Nitrospiraceae;g__Palsa-1315;s__Palsa-1315 sp005239475,8,6
Contig/Scaffold,59.74,2.73,1466339,PRJNA531348,MQ,genbank,GCA_005793285.1,d__Bacteria;p__Nitrospirota;c__Nitrospiria;o__Nitrospirales;f__Nitrospiraceae;g__Nitrospira_F;s__Nitrospira_F sp005793285,3,3
Contig/Scaffold,69.58,0.91,1823362,PRJNA449266,MQ,genbank,GCA_005877525.1,d__Bacteria;p__Nitrospirota;c__Nitrospiria;o__Nitrospirales;f__NS-4;g__NS-11;s__NS-11 sp005877525,4,4
Contig/Scaffold,83.18,4.09,1820882,PRJNA449266,MQ,genbank,GCA_005877615.1,d__Bacteria;p__Nitrospirota;c__Nitrospiria;o__Nitrospirales;f__NS-4;g__NS-12;s__NS-12 sp005877615,3,3
Contig/Scaffold,97.67,7.78,3907701,PRJNA552823,MQ,genbank,GCA_009594855.1,d__Bacteria;p__Nitrospirota;c__Nitrospiria;o__Nitrospirales;f__Nitrospiraceae;g__Nitrospira_A;s__Nitrospira_A sp009594855,9,0
Contig/Scaffold,75.23,1.14,3080533,PRJNA552823,MQ,genbank,GCA_009594935.1,d__Bacteria;p__Nitrospirota;c__Nitrospiria;o__Nitrospirales;f__Nitrospiraceae;g__Nitrospira_F;s__Nitrospira_F sp002254365,9,6
Contig/Scaffold,80.65,1.14,2000322,PRJNA555144,MQ,genbank,GCA_009836985.1,d__Bacteria;p__Nitrospirota;c__Nitrospiria;o__Nitrospirales;f__UBA8639;g__Bin75;s__Bin75 sp009840285,6,6
Contig/Scaffold,97.12,2.27,2230337,PRJNA480137,MQ,genbank,GCA_011051565.1,d__Bacteria;p__Nitrospirota;c__Thermodesulfovibrionia;o__Thermodesulfovibrionales;f__JdFR-85;g__BMS3Bbin07;s__BMS3Bbin07 sp011051565,3,3
Contig/Scaffold,95.55,1.82,2755821,PRJNA515312,HQ,genbank,GCA_012103275.1,d__Bacteria;p__Nitrospirota;c__Nitrospiria;o__Nitrospirales;f__UBA8639;g__JAALKI01;s__JAALKI01 sp011088105,6,0
Contig/Scaffold,99.95,0,1731424,PRJNA602310,HQ,genbank,GCA_012840265.1,d__Bacteria;p__Nitrospirota;c__Thermodesulfovibrionia;o__Thermodesulfovibrionales;f__Thermodesulfovibrionaceae;g__Thermodesulfovibrio;s__Thermodesulfovibrio thiophilus,0,0
Contig/Scaffold,91.31,2.23,2533391,PRJNA557557,HQ,genbank,GCA_013151935.1,d__Bacteria;p__Nitrospirota;c__Nitrospiria;o__SBBL01;f__JAADHI01;g__JAADHI01;s__JAADHI01 sp013151935,2,2
Contig/Scaffold,89.26,3.64,3251470,PRJEB31362,MQ,genbank,GCA_900696505.1,d__Bacteria;p__Nitrospirota;c__Nitrospiria;o__Nitrospirales;f__Nitrospiraceae;g__Nitrospira_A;s__Nitrospira_A sp900696505,5,4
Contig/Scaffold,94.94,2.73,3825427,PRJEB30654,MQ,genbank,GCA_902500755.1,d__Bacteria;p__Nitrospirota;c__Nitrospiria;o__Nitrospirales;f__Nitrospiraceae;g__Nitrospira_F;s__Nitrospira_F sp902500755,13,8
Contig/Scaffold,94.94,2.32,4540709,PRJEB30654,MQ,genbank,GCA_902501035.1,d__Bacteria;p__Nitrospirota;c__Nitrospiria;o__Nitrospirales;f__Nitrospiraceae;g__Nitrospira_F;s__Nitrospira_F sp002254365,10,8
Contig/Scaffold,98.18,1.82,1861077,PRJNA269163,MQ,genbank,GCA_002010755.1,d__Bacteria;p__Nitrospirota;c__Thermodesulfovibrionia;o__Thermodesulfovibrionales;f__JdFR-88;g__JdFR-88;s__JdFR-88 sp002011795,3,1
Contig/Scaffold,78.22,1.37,2909829,PRJNA315256,MQ,genbank,GCA_002083355.1,d__Bacteria;p__Nitrospirota;c__Nitrospiria;o__Nitrospirales;f__Nitrospiraceae;g__Nitrospira_F;s__Nitrospira_F sp900696515,6,5
Contig/Scaffold,95.85,3.69,3659024,PRJNA315256,MQ,genbank,GCA_002083405.1,d__Bacteria;p__Nitrospirota;c__Nitrospiria;o__Nitrospirales;f__Nitrospiraceae;g__Nitrospira_F;s__Nitrospira_F sp002083405,7,1
Contig/Scaffold,94.49,0.71,2024423,PRJNA348753,MQ,genbank,GCA_002299835.1,d__Bacteria;p__Nitrospirota;c__Thermodesulfovibrionia;o__Thermodesulfovibrionales;f__UBA9935;g__UBA665;s__UBA665 sp002299835,1,1
Contig/Scaffold,87.32,2.78,4442961,PRJNA348753,MQ,genbank,GCA_002331625.1,d__Bacteria;p__Nitrospirota;c__Nitrospiria;o__Nitrospirales;f__Nitrospiraceae;g__Nitrospira_F;s__Nitrospira_F sp002331625,10,5
Contig/Scaffold,77.72,4.27,2442620,PRJNA348753,MQ,genbank,GCA_002451095.1,d__Bacteria;p__Nitrospirota;c__Thermodesulfovibrionia;o__UBA6902;f__UBA6902;g__UBA6902;s__UBA6902 sp002451135,3,3
Contig/Scaffold,92.22,2.78,3136753,PRJNA384587,MQ,genbank,GCA_002869845.2,d__Bacteria;p__Nitrospirota;c__Nitrospiria;o__Nitrospirales;f__Nitrospiraceae;g__Nitrospira_F;s__Nitrospira_F sp002869845,7,0
Contig/Scaffold,79.55,0.91,2052119,PRJNA386568,MQ,genbank,GCA_003157305.1,d__Bacteria;p__Nitrospirota;c__Thermodesulfovibrionia;o__Thermodesulfovibrionales;f__UBA9935;g__Fen-1308;s__Fen-1308 sp003170655,2,2
Contig/Scaffold,85.85,2.1,3459015,PRJNA386568,MQ,genbank,GCA_003161685.1,d__Bacteria;p__Nitrospirota;c__Thermodesulfovibrionia;o__Thermodesulfovibrionales;f__UBA9935;g__Fen-1308;s__Fen-1308 sp003170655,3,3
Contig/Scaffold,94.94,1.36,3494738,PRJNA552823,MQ,genbank,GCA_009594875.1,d__Bacteria;p__Nitrospirota;c__Nitrospiria;o__Nitrospirales;f__Nitrospiraceae;g__Nitrospira_A;s__Nitrospira_A defluvii_A,8,4
Contig/Scaffold,58.58,0.05,1187655,PRJNA521725,MQ,genbank,GCA_009692035.1,d__Bacteria;p__Nitrospirota;c__Nitrospiria;o__Nitrospirales;f__Nitrospiraceae;g__2-02-FULL-62-14;s__2-02-FULL-62-14 sp009692155,4,0
Contig/Scaffold,96.36,0.91,2787148,PRJNA512237,HQ,genbank,GCA_009773185.1,d__Bacteria;p__Nitrospirota;c__Thermodesulfovibrionia;o__Thermodesulfovibrionales;f__UBA1546;g__SCSY01;s__SCSY01 sp009773185,2,2
Contig/Scaffold,91.31,3.82,2736807,PRJNA525692,MQ,genbank,GCA_009885705.1,d__Bacteria;p__Nitrospirota;c__Nitrospiria;o__Nitrospirales;f__Nitrospiraceae;g__Palsa-1315;s__Palsa-1315 sp009885705,5,4
Contig/Scaffold,80.85,2.45,2047672,PRJNA480137,MQ,genbank,GCA_011051055.1,d__Bacteria;p__Nitrospirota;c__Thermodesulfovibrionia;o__Thermodesulfovibrionales;f__BMS3Bbin05;g__BMS3Bbin05;s__BMS3Bbin05 sp002897855,2,2
Contig/Scaffold,96.82,3.64,3427590,PRJNA480137,MQ,genbank,GCA_011054545.1,d__Bacteria;p__Nitrospirota;c__Nitrospiria;o__Nitrospirales;f__Nitrospiraceae;g__DSOU01;s__DSOU01 sp011054545,7,3
Contig/Scaffold,95.4,5.74,3453609,PRJNA615962,MQ,genbank,GCA_013336065.1,d__Bacteria;p__Nitrospirota;c__UBA9217;o__UBA9217;f__UBA9217;g__JAAXXJ01;s__JAAXXJ01 sp013334545,2,2
Contig/Scaffold,90.45,4.05,3462002,PRJNA575653,MQ,genbank,GCA_014055525.1,d__Bacteria;p__Nitrospirota;c__Nitrospiria;o__Nitrospirales;f__Nitrospiraceae;g__Nitrospira_C;s__Nitrospira_C sp014055525,10,0
Contig/Scaffold,72.96,0.96,2747941,PRJNA649215,MQ,genbank,GCA_014382155.1,d__Bacteria;p__Nitrospirota;c__Thermodesulfovibrionia;o__UBA6902;f__UBA6902;g__JACNKH01;s__JACNKH01 sp014382155,2,2
Contig/Scaffold,94.49,1.82,4585019,PRJEB31362,MQ,genbank,GCA_900696515.1,d__Bacteria;p__Nitrospirota;c__Nitrospiria;o__Nitrospirales;f__Nitrospiraceae;g__Nitrospira_F;s__Nitrospira_F sp900696515,9,3
Contig/Scaffold,98.58,4.55,5171380,PRJNA224116,HQ,refseq,GCF_012184425.1,d__Bacteria;p__Nitrospirota;c__Nitrospiria;o__SBBL01;f__SCUR01;g__Manganitrophus;s__Manganitrophus noduliformans,5,0
