,genome_id,source,organism,domain,phylum,class,order,family,genus,species,strain,closest_placement_reference
GCF_012985225.1,GCF_012985225.1,ncbi,Corallococcus exiguus,Bacteria,Myxococcota,Myxococcia,Myxococcales,Myxococcaceae,Corallococcus,exiguus,,
GCF_013155175.1,GCF_013155175.1,ncbi,Corallococcus exiguus,Bacteria,Myxococcota,Myxococcia,Myxococcales,Myxococcaceae,Corallococcus,exiguus,,
GCF_003668935.1,GCF_003668935.1,ncbi,Corallococcus exiguus,Bacteria,Myxococcota,Myxococcia,Myxococcales,Myxococcaceae,Corallococcus,exiguus,,
GCF_003668965.1,GCF_003668965.1,ncbi,Corallococcus exiguus,Bacteria,Myxococcota,Myxococcia,Myxococcales,Myxococcaceae,Corallococcus,exiguus,,
GCA_003612255.1,GCA_003612255.1,ncbi,Corallococcus exiguus,Bacteria,Myxococcota,Myxococcia,Myxococcales,Myxococcaceae,Corallococcus,exiguus,,
GCF_003668955.1,GCF_003668955.1,ncbi,Corallococcus exiguus,Bacteria,Myxococcota,Myxococcia,Myxococcales,Myxococcaceae,Corallococcus,exiguus,,
GCF_009909105.1,GCF_009909105.1,ncbi,Corallococcus exiguus,Bacteria,Myxococcota,Myxococcia,Myxococcales,Myxococcaceae,Corallococcus,exiguus,,
GCF_013248865.1,GCF_013248865.1,ncbi,Corallococcus exiguus,Bacteria,Myxococcota,Myxococcia,Myxococcales,Myxococcaceae,Corallococcus,exiguus,,
GCF_013155195.1,GCF_013155195.1,ncbi,Corallococcus exiguus,Bacteria,Myxococcota,Myxococcia,Myxococcales,Myxococcaceae,Corallococcus,exiguus,,
GCF_003986945.1,GCF_003986945.1,ncbi,Corallococcus exiguus,Bacteria,Myxococcota,Myxococcia,Myxococcales,Myxococcaceae,Corallococcus,exiguus,,
GCF_012985235.1,GCF_012985235.1,ncbi,Corallococcus exiguus,Bacteria,Myxococcota,Myxococcia,Myxococcales,Myxococcaceae,Corallococcus,exiguus,,
GCF_006376655.1,GCF_006376655.1,ncbi,Corallococcus exiguus,Bacteria,Myxococcota,Myxococcia,Myxococcales,Myxococcaceae,Corallococcus,exiguus,,
GCF_003612075.1,GCF_003612075.1,ncbi,Corallococcus exiguus,Bacteria,Myxococcota,Myxococcia,Myxococcales,Myxococcaceae,Corallococcus,exiguus,,
GCF_013248915.1,GCF_013248915.1,ncbi,Corallococcus exiguus,Bacteria,Myxococcota,Myxococcia,Myxococcales,Myxococcaceae,Corallococcus,exiguus,,
GCF_013155575.1,GCF_013155575.1,ncbi,Corallococcus exiguus,Bacteria,Myxococcota,Myxococcia,Myxococcales,Myxococcaceae,Corallococcus,exiguus,,
GCA_903852525.1,GCA_903852525.1,ncbi,SXRM01 sp903883645,Bacteria,Myxococcota,UBA9042,UBA9042,UBA9042,SXRM01,sp903883645,,
GCA_903858265.1,GCA_903858265.1,ncbi,SXRM01 sp903883645,Bacteria,Myxococcota,UBA9042,UBA9042,UBA9042,SXRM01,sp903883645,,
GCA_903876705.1,GCA_903876705.1,ncbi,SXRM01 sp903883645,Bacteria,Myxococcota,UBA9042,UBA9042,UBA9042,SXRM01,sp903883645,,
GCA_903874695.1,GCA_903874695.1,ncbi,SXRM01 sp903883645,Bacteria,Myxococcota,UBA9042,UBA9042,UBA9042,SXRM01,sp903883645,,
GCA_903857975.1,GCA_903857975.1,ncbi,SXRM01 sp903883645,Bacteria,Myxococcota,UBA9042,UBA9042,UBA9042,SXRM01,sp903883645,,
GCA_903883645.1,GCA_903883645.1,ncbi,SXRM01 sp903883645,Bacteria,Myxococcota,UBA9042,UBA9042,UBA9042,SXRM01,sp903883645,,
GCA_903880045.1,GCA_903880045.1,ncbi,SXRM01 sp903883645,Bacteria,Myxococcota,UBA9042,UBA9042,UBA9042,SXRM01,sp903883645,,
GCA_903884195.1,GCA_903884195.1,ncbi,SXRM01 sp903883645,Bacteria,Myxococcota,UBA9042,UBA9042,UBA9042,SXRM01,sp903883645,,
GCA_903860385.1,GCA_903860385.1,ncbi,SXRM01 sp903883645,Bacteria,Myxococcota,UBA9042,UBA9042,UBA9042,SXRM01,sp903883645,,
GCA_903878715.1,GCA_903878715.1,ncbi,SXRM01 sp903883645,Bacteria,Myxococcota,UBA9042,UBA9042,UBA9042,SXRM01,sp903883645,,
GCA_903906555.1,GCA_903906555.1,ncbi,SXRM01 sp903883645,Bacteria,Myxococcota,UBA9042,UBA9042,UBA9042,SXRM01,sp903883645,,
GCA_903820515.1,GCA_903820515.1,ncbi,SXON01 sp903885375,Bacteria,Myxococcota,UBA796,UBA796,SXON01,SXON01,sp903885375,,
GCA_903884795.1,GCA_903884795.1,ncbi,SXON01 sp903885375,Bacteria,Myxococcota,UBA796,UBA796,SXON01,SXON01,sp903885375,,
GCA_903916655.1,GCA_903916655.1,ncbi,SXON01 sp903885375,Bacteria,Myxococcota,UBA796,UBA796,SXON01,SXON01,sp903885375,,
GCA_903835925.1,GCA_903835925.1,ncbi,SXON01 sp903885375,Bacteria,Myxococcota,UBA796,UBA796,SXON01,SXON01,sp903885375,,
GCA_903885375.1,GCA_903885375.1,ncbi,SXON01 sp903885375,Bacteria,Myxococcota,UBA796,UBA796,SXON01,SXON01,sp903885375,,
GCA_903919305.1,GCA_903919305.1,ncbi,SXON01 sp903885375,Bacteria,Myxococcota,UBA796,UBA796,SXON01,SXON01,sp903885375,,
GCA_903902565.1,GCA_903902565.1,ncbi,SXON01 sp903885375,Bacteria,Myxococcota,UBA796,UBA796,SXON01,SXON01,sp903885375,,
GCA_903902615.1,GCA_903902615.1,ncbi,SXON01 sp903885375,Bacteria,Myxococcota,UBA796,UBA796,SXON01,SXON01,sp903885375,,
GCA_903876335.1,GCA_903876335.1,ncbi,SXON01 sp903885375,Bacteria,Myxococcota,UBA796,UBA796,SXON01,SXON01,sp903885375,,
GCA_903908935.1,GCA_903908935.1,ncbi,SXON01 sp903885375,Bacteria,Myxococcota,UBA796,UBA796,SXON01,SXON01,sp903885375,,
GCF_006547325.1,GCF_006547325.1,ncbi,Myxococcus sp010998615,Bacteria,Myxococcota,Myxococcia,Myxococcales,Myxococcaceae,Myxococcus,sp010998615,,
GCA_006519765.1,GCA_006519765.1,ncbi,Myxococcus sp010998615,Bacteria,Myxococcota,Myxococcia,Myxococcales,Myxococcaceae,Myxococcus,sp010998615,,
GCF_006547345.1,GCF_006547345.1,ncbi,Myxococcus sp010998615,Bacteria,Myxococcota,Myxococcia,Myxococcales,Myxococcaceae,Myxococcus,sp010998615,,
GCF_010279825.1,GCF_010279825.1,ncbi,Myxococcus sp010998615,Bacteria,Myxococcota,Myxococcia,Myxococcales,Myxococcaceae,Myxococcus,sp010998615,,
GCA_006519755.1,GCA_006519755.1,ncbi,Myxococcus sp010998615,Bacteria,Myxococcota,Myxococcia,Myxococcales,Myxococcaceae,Myxococcus,sp010998615,,
GCF_010998615.1,GCF_010998615.1,ncbi,Myxococcus sp010998615,Bacteria,Myxococcota,Myxococcia,Myxococcales,Myxococcaceae,Myxococcus,sp010998615,,
GCF_013116835.1,GCF_013116835.1,ncbi,Myxococcus sp010998615,Bacteria,Myxococcota,Myxococcia,Myxococcales,Myxococcaceae,Myxococcus,sp010998615,,
GCF_006518195.1,GCF_006518195.1,ncbi,Myxococcus sp010998615,Bacteria,Myxococcota,Myxococcia,Myxococcales,Myxococcaceae,Myxococcus,sp010998615,,
GCF_010998655.1,GCF_010998655.1,ncbi,Myxococcus sp010998615,Bacteria,Myxococcota,Myxococcia,Myxococcales,Myxococcaceae,Myxococcus,sp010998615,,
GCF_000340515.1,GCF_000340515.1,ncbi,Myxococcus xanthus,Bacteria,Myxococcota,Myxococcia,Myxococcales,Myxococcaceae,Myxococcus,xanthus,,
GCF_000278585.1,GCF_000278585.1,ncbi,Myxococcus xanthus,Bacteria,Myxococcota,Myxococcia,Myxococcales,Myxococcaceae,Myxococcus,xanthus,,
GCF_006401635.1,GCF_006401635.1,ncbi,Myxococcus xanthus,Bacteria,Myxococcota,Myxococcia,Myxococcales,Myxococcaceae,Myxococcus,xanthus,,
GCF_000012685.1,GCF_000012685.1,ncbi,Myxococcus xanthus,Bacteria,Myxococcota,Myxococcia,Myxococcales,Myxococcaceae,Myxococcus,xanthus,,
GCF_013116805.1,GCF_013116805.1,ncbi,Myxococcus xanthus,Bacteria,Myxococcota,Myxococcia,Myxococcales,Myxococcaceae,Myxococcus,xanthus,,
GCF_006518205.1,GCF_006518205.1,ncbi,Myxococcus xanthus,Bacteria,Myxococcota,Myxococcia,Myxococcales,Myxococcaceae,Myxococcus,xanthus,,
GCF_900106535.1,GCF_900106535.1,ncbi,Myxococcus xanthus,Bacteria,Myxococcota,Myxococcia,Myxococcales,Myxococcaceae,Myxococcus,xanthus,,
GCA_903936925.1,GCA_903936925.1,ncbi,CAJBNH01 sp903955385,Bacteria,Myxococcota,UBA9042,UBA9042,UBA9042,CAJBNH01,sp903955385,,
GCA_903959275.1,GCA_903959275.1,ncbi,CAJBNH01 sp903955385,Bacteria,Myxococcota,UBA9042,UBA9042,UBA9042,CAJBNH01,sp903955385,,
GCA_903950305.1,GCA_903950305.1,ncbi,CAJBNH01 sp903955385,Bacteria,Myxococcota,UBA9042,UBA9042,UBA9042,CAJBNH01,sp903955385,,
GCA_903875165.1,GCA_903875165.1,ncbi,CAJBNH01 sp903955385,Bacteria,Myxococcota,UBA9042,UBA9042,UBA9042,CAJBNH01,sp903955385,,
GCA_903954305.1,GCA_903954305.1,ncbi,CAJBNH01 sp903955385,Bacteria,Myxococcota,UBA9042,UBA9042,UBA9042,CAJBNH01,sp903955385,,
GCA_903955385.1,GCA_903955385.1,ncbi,CAJBNH01 sp903955385,Bacteria,Myxococcota,UBA9042,UBA9042,UBA9042,CAJBNH01,sp903955385,,
GCA_903959675.1,GCA_903959675.1,ncbi,CAJBNH01 sp903955385,Bacteria,Myxococcota,UBA9042,UBA9042,UBA9042,CAJBNH01,sp903955385,,
GCA_903842905.1,GCA_903842905.1,ncbi,CAIYBN01 sp903929795,Bacteria,Myxococcota,UBA9042,UBA9042,UBA9042,CAIYBN01,sp903929795,,
GCA_903929795.1,GCA_903929795.1,ncbi,CAIYBN01 sp903929795,Bacteria,Myxococcota,UBA9042,UBA9042,UBA9042,CAIYBN01,sp903929795,,
GCA_903887475.1,GCA_903887475.1,ncbi,CAIYBN01 sp903929795,Bacteria,Myxococcota,UBA9042,UBA9042,UBA9042,CAIYBN01,sp903929795,,
GCA_903923475.1,GCA_903923475.1,ncbi,CAIYBN01 sp903929795,Bacteria,Myxococcota,UBA9042,UBA9042,UBA9042,CAIYBN01,sp903929795,,
GCA_903870665.1,GCA_903870665.1,ncbi,CAIYBN01 sp903929795,Bacteria,Myxococcota,UBA9042,UBA9042,UBA9042,CAIYBN01,sp903929795,,
GCA_903928185.1,GCA_903928185.1,ncbi,CAIYBN01 sp903929795,Bacteria,Myxococcota,UBA9042,UBA9042,UBA9042,CAIYBN01,sp903929795,,
GCA_903825385.1,GCA_903825385.1,ncbi,CAIYBN01 sp903929795,Bacteria,Myxococcota,UBA9042,UBA9042,UBA9042,CAIYBN01,sp903929795,,
GCA_003154615.1,GCA_003154615.1,ncbi,Fen-1137 sp003158395,Bacteria,Myxococcota,Polyangia,Palsa-1104,Fen-1088,Fen-1137,sp003158395,,
GCA_003157735.1,GCA_003157735.1,ncbi,Fen-1137 sp003158395,Bacteria,Myxococcota,Polyangia,Palsa-1104,Fen-1088,Fen-1137,sp003158395,,
GCA_003161975.1,GCA_003161975.1,ncbi,Fen-1137 sp003158395,Bacteria,Myxococcota,Polyangia,Palsa-1104,Fen-1088,Fen-1137,sp003158395,,
GCA_003162095.1,GCA_003162095.1,ncbi,Fen-1137 sp003158395,Bacteria,Myxococcota,Polyangia,Palsa-1104,Fen-1088,Fen-1137,sp003158395,,
GCA_003158395.1,GCA_003158395.1,ncbi,Fen-1137 sp003158395,Bacteria,Myxococcota,Polyangia,Palsa-1104,Fen-1088,Fen-1137,sp003158395,,
GCA_003136995.1,GCA_003136995.1,ncbi,Fen-1137 sp003158395,Bacteria,Myxococcota,Polyangia,Palsa-1104,Fen-1088,Fen-1137,sp003158395,,
GCA_003158775.1,GCA_003158775.1,ncbi,Fen-1137 sp003158395,Bacteria,Myxococcota,Polyangia,Palsa-1104,Fen-1088,Fen-1137,sp003158395,,
GCF_003611605.1,GCF_003611605.1,ncbi,Corallococcus coralloides,Bacteria,Myxococcota,Myxococcia,Myxococcales,Myxococcaceae,Corallococcus,coralloides,,
GCF_003611625.1,GCF_003611625.1,ncbi,Corallococcus coralloides,Bacteria,Myxococcota,Myxococcia,Myxococcales,Myxococcaceae,Corallococcus,coralloides,,
GCF_003611685.1,GCF_003611685.1,ncbi,Corallococcus coralloides,Bacteria,Myxococcota,Myxococcia,Myxococcales,Myxococcaceae,Corallococcus,coralloides,,
GCF_000255295.1,GCF_000255295.1,ncbi,Corallococcus coralloides,Bacteria,Myxococcota,Myxococcia,Myxococcales,Myxococcaceae,Corallococcus,coralloides,,
GCF_004104415.1,GCF_004104415.1,ncbi,Corallococcus coralloides,Bacteria,Myxococcota,Myxococcia,Myxococcales,Myxococcaceae,Corallococcus,coralloides,,
GCF_003668895.1,GCF_003668895.1,ncbi,Corallococcus coralloides,Bacteria,Myxococcota,Myxococcia,Myxococcales,Myxococcaceae,Corallococcus,coralloides,,
GCA_903842895.1,GCA_903842895.1,ncbi,CAIYBN01 sp903896545,Bacteria,Myxococcota,UBA9042,UBA9042,UBA9042,CAIYBN01,sp903896545,,
GCA_903896545.1,GCA_903896545.1,ncbi,CAIYBN01 sp903896545,Bacteria,Myxococcota,UBA9042,UBA9042,UBA9042,CAIYBN01,sp903896545,,
GCA_903900455.1,GCA_903900455.1,ncbi,CAIYBN01 sp903896545,Bacteria,Myxococcota,UBA9042,UBA9042,UBA9042,CAIYBN01,sp903896545,,
GCA_903862435.1,GCA_903862435.1,ncbi,CAIYBN01 sp903896545,Bacteria,Myxococcota,UBA9042,UBA9042,UBA9042,CAIYBN01,sp903896545,,
GCA_903828945.1,GCA_903828945.1,ncbi,CAIYBN01 sp903896545,Bacteria,Myxococcota,UBA9042,UBA9042,UBA9042,CAIYBN01,sp903896545,,
GCA_903881385.1,GCA_903881385.1,ncbi,CAIYBN01 sp903896545,Bacteria,Myxococcota,UBA9042,UBA9042,UBA9042,CAIYBN01,sp903896545,,
GCA_903895425.1,GCA_903895425.1,ncbi,CAITUV01 sp903895725,Bacteria,Myxococcota,UBA9042,CAIXZC01,CAITUV01,CAITUV01,sp903895725,,
GCA_903927385.1,GCA_903927385.1,ncbi,CAITUV01 sp903895725,Bacteria,Myxococcota,UBA9042,CAIXZC01,CAITUV01,CAITUV01,sp903895725,,
GCA_903895725.1,GCA_903895725.1,ncbi,CAITUV01 sp903895725,Bacteria,Myxococcota,UBA9042,CAIXZC01,CAITUV01,CAITUV01,sp903895725,,
GCA_903880605.1,GCA_903880605.1,ncbi,CAITUV01 sp903895725,Bacteria,Myxococcota,UBA9042,CAIXZC01,CAITUV01,CAITUV01,sp903895725,,
GCA_903893645.1,GCA_903893645.1,ncbi,CAITUV01 sp903895725,Bacteria,Myxococcota,UBA9042,CAIXZC01,CAITUV01,CAITUV01,sp903895725,,
GCA_007120035.1,GCA_007120035.1,ncbi,SKON01 sp007120035,Bacteria,Myxococcota,Bradymonadia,Bradymonadales,Bradymonadaceae,SKON01,sp007120035,,
GCA_003562835.1,GCA_003562835.1,ncbi,SKON01 sp007120035,Bacteria,Myxococcota,Bradymonadia,Bradymonadales,Bradymonadaceae,SKON01,sp007120035,,
GCA_003565935.1,GCA_003565935.1,ncbi,SKON01 sp007120035,Bacteria,Myxococcota,Bradymonadia,Bradymonadales,Bradymonadaceae,SKON01,sp007120035,,
GCA_007127895.1,GCA_007127895.1,ncbi,SKON01 sp007120035,Bacteria,Myxococcota,Bradymonadia,Bradymonadales,Bradymonadaceae,SKON01,sp007120035,,
GCA_007134325.1,GCA_007134325.1,ncbi,SKON01 sp007120035,Bacteria,Myxococcota,Bradymonadia,Bradymonadales,Bradymonadaceae,SKON01,sp007120035,,
GCA_013042435.1,GCA_013042435.1,ncbi,SG8-38 sp004283055,Bacteria,Myxococcota,Polyangia,Polyangiales,SG8-38,SG8-38,sp004283055,,
GCA_013001375.1,GCA_013001375.1,ncbi,SG8-38 sp004283055,Bacteria,Myxococcota,Polyangia,Polyangiales,SG8-38,SG8-38,sp004283055,,
GCA_013042225.1,GCA_013042225.1,ncbi,SG8-38 sp004283055,Bacteria,Myxococcota,Polyangia,Polyangiales,SG8-38,SG8-38,sp004283055,,
GCA_004283055.1,GCA_004283055.1,ncbi,SG8-38 sp004283055,Bacteria,Myxococcota,Polyangia,Polyangiales,SG8-38,SG8-38,sp004283055,,
GCA_013043065.1,GCA_013043065.1,ncbi,SG8-38 sp004283055,Bacteria,Myxococcota,Polyangia,Polyangiales,SG8-38,SG8-38,sp004283055,,
GCA_903865785.1,GCA_903865785.1,ncbi,CAIUMM01 sp903900265,Bacteria,Myxococcota,UBA796,UBA796,SXON01,CAIUMM01,sp903900265,,
GCA_903838005.1,GCA_903838005.1,ncbi,CAIUMM01 sp903900265,Bacteria,Myxococcota,UBA796,UBA796,SXON01,CAIUMM01,sp903900265,,
GCA_903900265.1,GCA_903900265.1,ncbi,CAIUMM01 sp903900265,Bacteria,Myxococcota,UBA796,UBA796,SXON01,CAIUMM01,sp903900265,,
GCA_903853905.1,GCA_903853905.1,ncbi,CAIUMM01 sp903900265,Bacteria,Myxococcota,UBA796,UBA796,SXON01,CAIUMM01,sp903900265,,
GCA_903850605.1,GCA_903850605.1,ncbi,CAIUMM01 sp903900265,Bacteria,Myxococcota,UBA796,UBA796,SXON01,CAIUMM01,sp903900265,,
GCF_006400955.1,GCF_006400955.1,ncbi,Myxococcus xanthus_A,Bacteria,Myxococcota,Myxococcia,Myxococcales,Myxococcaceae,Myxococcus,xanthus_A,,
GCF_006402015.1,GCF_006402015.1,ncbi,Myxococcus xanthus_A,Bacteria,Myxococcota,Myxococcia,Myxococcales,Myxococcaceae,Myxococcus,xanthus_A,,
GCF_006402735.1,GCF_006402735.1,ncbi,Myxococcus xanthus_A,Bacteria,Myxococcota,Myxococcia,Myxococcales,Myxococcaceae,Myxococcus,xanthus_A,,
GCF_006401215.1,GCF_006401215.1,ncbi,Myxococcus xanthus_A,Bacteria,Myxococcota,Myxococcia,Myxococcales,Myxococcaceae,Myxococcus,xanthus_A,,
GCF_006402415.1,GCF_006402415.1,ncbi,Myxococcus xanthus_A,Bacteria,Myxococcota,Myxococcia,Myxococcales,Myxococcaceae,Myxococcus,xanthus_A,,
GCA_903960075.1,GCA_903960075.1,ncbi,CAIZWN01 sp903936705,Bacteria,Myxococcota,UBA9042,DTJE01,DTJE01,CAIZWN01,sp903936705,,
GCA_903936705.1,GCA_903936705.1,ncbi,CAIZWN01 sp903936705,Bacteria,Myxococcota,UBA9042,DTJE01,DTJE01,CAIZWN01,sp903936705,,
GCA_903957975.1,GCA_903957975.1,ncbi,CAIZWN01 sp903936705,Bacteria,Myxococcota,UBA9042,DTJE01,DTJE01,CAIZWN01,sp903936705,,
GCA_903960555.1,GCA_903960555.1,ncbi,CAIZWN01 sp903936705,Bacteria,Myxococcota,UBA9042,DTJE01,DTJE01,CAIZWN01,sp903936705,,
GCA_903899815.1,GCA_903899815.1,ncbi,CAIZWN01 sp903936705,Bacteria,Myxococcota,UBA9042,DTJE01,DTJE01,CAIZWN01,sp903936705,,
GCF_013336715.1,GCF_013336715.1,ncbi,Myxococcus sp013336725,Bacteria,Myxococcota,Myxococcia,Myxococcales,Myxococcaceae,Myxococcus,sp013336725,,
GCF_013336645.1,GCF_013336645.1,ncbi,Myxococcus sp013336725,Bacteria,Myxococcota,Myxococcia,Myxococcales,Myxococcaceae,Myxococcus,sp013336725,,
GCF_013336705.1,GCF_013336705.1,ncbi,Myxococcus sp013336725,Bacteria,Myxococcota,Myxococcia,Myxococcales,Myxococcaceae,Myxococcus,sp013336725,,
GCF_013336725.1,GCF_013336725.1,ncbi,Myxococcus sp013336725,Bacteria,Myxococcota,Myxococcia,Myxococcales,Myxococcaceae,Myxococcus,sp013336725,,
GCF_013336625.1,GCF_013336625.1,ncbi,Myxococcus sp013336725,Bacteria,Myxococcota,Myxococcia,Myxococcales,Myxococcaceae,Myxococcus,sp013336725,,
GCA_005879525.1,GCA_005879525.1,ncbi,40CM-4-68-19 sp001918155,Bacteria,Myxococcota,Myxococcia,Myxococcales,40CM-4-68-19,40CM-4-68-19,sp001918155,,
GCA_001918155.1,GCA_001918155.1,ncbi,40CM-4-68-19 sp001918155,Bacteria,Myxococcota,Myxococcia,Myxococcales,40CM-4-68-19,40CM-4-68-19,sp001918155,,
GCA_005879355.1,GCA_005879355.1,ncbi,40CM-4-68-19 sp001918155,Bacteria,Myxococcota,Myxococcia,Myxococcales,40CM-4-68-19,40CM-4-68-19,sp001918155,,
GCA_001918665.1,GCA_001918665.1,ncbi,40CM-4-68-19 sp001918155,Bacteria,Myxococcota,Myxococcia,Myxococcales,40CM-4-68-19,40CM-4-68-19,sp001918155,,
GCA_001920585.1,GCA_001920585.1,ncbi,40CM-4-68-19 sp001918155,Bacteria,Myxococcota,Myxococcia,Myxococcales,40CM-4-68-19,40CM-4-68-19,sp001918155,,
GCF_007989405.1,GCF_007989405.1,ncbi,Myxococcus virescens,Bacteria,Myxococcota,Myxococcia,Myxococcales,Myxococcaceae,Myxococcus,virescens,,
GCF_900101905.1,GCF_900101905.1,ncbi,Myxococcus virescens,Bacteria,Myxococcota,Myxococcia,Myxococcales,Myxococcaceae,Myxococcus,virescens,,
GCF_006547365.1,GCF_006547365.1,ncbi,Myxococcus virescens,Bacteria,Myxococcota,Myxococcia,Myxococcales,Myxococcaceae,Myxococcus,virescens,,
GCF_006547355.1,GCF_006547355.1,ncbi,Myxococcus virescens,Bacteria,Myxococcota,Myxococcia,Myxococcales,Myxococcaceae,Myxococcus,virescens,,
GCA_002696345.1,GCA_002696345.1,ncbi,UBA4151 sp002696345,Bacteria,Myxococcota,UBA727,UBA4151,UBA4151,UBA4151,sp002696345,,
GCA_002715365.1,GCA_002715365.1,ncbi,UBA4151 sp002696345,Bacteria,Myxococcota,UBA727,UBA4151,UBA4151,UBA4151,sp002696345,,
GCA_003509265.1,GCA_003509265.1,ncbi,UBA4151 sp002696345,Bacteria,Myxococcota,UBA727,UBA4151,UBA4151,UBA4151,sp002696345,,
GCA_002380655.1,GCA_002380655.1,ncbi,UBA4151 sp002696345,Bacteria,Myxococcota,UBA727,UBA4151,UBA4151,UBA4151,sp002696345,,
GCA_005804815.1,GCA_005804815.1,ncbi,SXOB01 sp005776945,Bacteria,Myxococcota,UBA796,UBA796,GCA-2862545,SXOB01,sp005776945,,
GCA_005793165.1,GCA_005793165.1,ncbi,SXOB01 sp005776945,Bacteria,Myxococcota,UBA796,UBA796,GCA-2862545,SXOB01,sp005776945,,
GCA_005776945.1,GCA_005776945.1,ncbi,SXOB01 sp005776945,Bacteria,Myxococcota,UBA796,UBA796,GCA-2862545,SXOB01,sp005776945,,
GCA_005800745.1,GCA_005800745.1,ncbi,SXOB01 sp005776945,Bacteria,Myxococcota,UBA796,UBA796,GCA-2862545,SXOB01,sp005776945,,
GCA_903844155.1,GCA_903844155.1,ncbi,CAIUMM01 sp903844155,Bacteria,Myxococcota,UBA796,UBA796,SXON01,CAIUMM01,sp903844155,,
GCA_903886265.1,GCA_903886265.1,ncbi,CAIUMM01 sp903844155,Bacteria,Myxococcota,UBA796,UBA796,SXON01,CAIUMM01,sp903844155,,
GCA_903864985.1,GCA_903864985.1,ncbi,CAIUMM01 sp903844155,Bacteria,Myxococcota,UBA796,UBA796,SXON01,CAIUMM01,sp903844155,,
GCA_903885495.1,GCA_903885495.1,ncbi,CAIUMM01 sp903844155,Bacteria,Myxococcota,UBA796,UBA796,SXON01,CAIUMM01,sp903844155,,
GCA_903840165.1,GCA_903840165.1,ncbi,CAIMEY01 sp903840165,Bacteria,Myxococcota,UBA9042,UBA9042,UBA9042,CAIMEY01,sp903840165,,
GCA_903864385.1,GCA_903864385.1,ncbi,CAIMEY01 sp903840165,Bacteria,Myxococcota,UBA9042,UBA9042,UBA9042,CAIMEY01,sp903840165,,
GCA_903871265.1,GCA_903871265.1,ncbi,CAIMEY01 sp903840165,Bacteria,Myxococcota,UBA9042,UBA9042,UBA9042,CAIMEY01,sp903840165,,
GCA_903897135.1,GCA_903897135.1,ncbi,CAIMEY01 sp903840165,Bacteria,Myxococcota,UBA9042,UBA9042,UBA9042,CAIMEY01,sp903840165,,
GCA_903882615.1,GCA_903882615.1,ncbi,CAIYBN01 sp903842345,Bacteria,Myxococcota,UBA9042,UBA9042,UBA9042,CAIYBN01,sp903842345,,
GCA_903893325.1,GCA_903893325.1,ncbi,CAIYBN01 sp903842345,Bacteria,Myxococcota,UBA9042,UBA9042,UBA9042,CAIYBN01,sp903842345,,
GCA_903872955.1,GCA_903872955.1,ncbi,CAIYBN01 sp903842345,Bacteria,Myxococcota,UBA9042,UBA9042,UBA9042,CAIYBN01,sp903842345,,
GCA_903842345.1,GCA_903842345.1,ncbi,CAIYBN01 sp903842345,Bacteria,Myxococcota,UBA9042,UBA9042,UBA9042,CAIYBN01,sp903842345,,
GCA_903871285.1,GCA_903871285.1,ncbi,SXON01 sp903921785,Bacteria,Myxococcota,UBA796,UBA796,SXON01,SXON01,sp903921785,,
GCA_903921785.1,GCA_903921785.1,ncbi,SXON01 sp903921785,Bacteria,Myxococcota,UBA796,UBA796,SXON01,SXON01,sp903921785,,
GCA_903859195.1,GCA_903859195.1,ncbi,SXON01 sp903921785,Bacteria,Myxococcota,UBA796,UBA796,SXON01,SXON01,sp903921785,,
GCA_903891995.1,GCA_903891995.1,ncbi,SXON01 sp903921785,Bacteria,Myxococcota,UBA796,UBA796,SXON01,SXON01,sp903921785,,
GCA_903911155.1,GCA_903911155.1,ncbi,CAIOAK01 sp903904005,Bacteria,Myxococcota,Myxococcia,Myxococcales,Anaeromyxobacteraceae,CAIOAK01,sp903904005,,
GCA_903888535.1,GCA_903888535.1,ncbi,CAIOAK01 sp903904005,Bacteria,Myxococcota,Myxococcia,Myxococcales,Anaeromyxobacteraceae,CAIOAK01,sp903904005,,
GCA_903904005.1,GCA_903904005.1,ncbi,CAIOAK01 sp903904005,Bacteria,Myxococcota,Myxococcia,Myxococcales,Anaeromyxobacteraceae,CAIOAK01,sp903904005,,
GCA_903932365.1,GCA_903932365.1,ncbi,CAIOAK01 sp903904005,Bacteria,Myxococcota,Myxococcia,Myxococcales,Anaeromyxobacteraceae,CAIOAK01,sp903904005,,
GCA_903875225.1,GCA_903875225.1,ncbi,CAIUMM01 sp903875225,Bacteria,Myxococcota,UBA796,UBA796,SXON01,CAIUMM01,sp903875225,,
GCA_903911575.1,GCA_903911575.1,ncbi,CAIUMM01 sp903875225,Bacteria,Myxococcota,UBA796,UBA796,SXON01,CAIUMM01,sp903875225,,
GCA_903887525.1,GCA_903887525.1,ncbi,CAIUMM01 sp903875225,Bacteria,Myxococcota,UBA796,UBA796,SXON01,CAIUMM01,sp903875225,,
GCA_903880145.1,GCA_903880145.1,ncbi,CAIUMM01 sp903875225,Bacteria,Myxococcota,UBA796,UBA796,SXON01,CAIUMM01,sp903875225,,
GCA_903870785.1,GCA_903870785.1,ncbi,CAIOSP01 sp903861005,Bacteria,Myxococcota,UBA796,UBA796,GCA-2862545,CAIOSP01,sp903861005,,
GCA_903875475.1,GCA_903875475.1,ncbi,CAIOSP01 sp903861005,Bacteria,Myxococcota,UBA796,UBA796,GCA-2862545,CAIOSP01,sp903861005,,
GCA_903861005.1,GCA_903861005.1,ncbi,CAIOSP01 sp903861005,Bacteria,Myxococcota,UBA796,UBA796,GCA-2862545,CAIOSP01,sp903861005,,
GCA_903910935.1,GCA_903910935.1,ncbi,CAIOSP01 sp903861005,Bacteria,Myxococcota,UBA796,UBA796,GCA-2862545,CAIOSP01,sp903861005,,
GCA_000988565.1,GCA_000988565.1,ncbi,Myxococcus fulvus,Bacteria,Myxococcota,Myxococcia,Myxococcales,Myxococcaceae,Myxococcus,fulvus,,
GCF_007991095.1,GCF_007991095.1,ncbi,Myxococcus fulvus,Bacteria,Myxococcota,Myxococcia,Myxococcales,Myxococcaceae,Myxococcus,fulvus,,
GCF_900111765.1,GCF_900111765.1,ncbi,Myxococcus fulvus,Bacteria,Myxococcota,Myxococcia,Myxococcales,Myxococcaceae,Myxococcus,fulvus,,
GCF_006518215.1,GCF_006518215.1,ncbi,Myxococcus fulvus,Bacteria,Myxococcota,Myxococcia,Myxococcales,Myxococcaceae,Myxococcus,fulvus,,
GCA_005801325.1,GCA_005801325.1,ncbi,SXNL01 sp005777185,Bacteria,Myxococcota,Polyangia,Polyangiales,Polyangiaceae,SXNL01,sp005777185,,
GCA_005777185.1,GCA_005777185.1,ncbi,SXNL01 sp005777185,Bacteria,Myxococcota,Polyangia,Polyangiales,Polyangiaceae,SXNL01,sp005777185,,
GCA_005798325.1,GCA_005798325.1,ncbi,SXNL01 sp005777185,Bacteria,Myxococcota,Polyangia,Polyangiales,Polyangiaceae,SXNL01,sp005777185,,
GCA_005879745.1,GCA_005879745.1,ncbi,40CM-4-68-19 sp005879535,Bacteria,Myxococcota,Myxococcia,Myxococcales,40CM-4-68-19,40CM-4-68-19,sp005879535,,
GCA_005879535.1,GCA_005879535.1,ncbi,40CM-4-68-19 sp005879535,Bacteria,Myxococcota,Myxococcia,Myxococcales,40CM-4-68-19,40CM-4-68-19,sp005879535,,
GCA_005879305.1,GCA_005879305.1,ncbi,40CM-4-68-19 sp005879535,Bacteria,Myxococcota,Myxococcia,Myxococcales,40CM-4-68-19,40CM-4-68-19,sp005879535,,
GCA_005772785.1,GCA_005772785.1,ncbi,SYKL01 sp005797785,Bacteria,Myxococcota,UBA796,UBA796,GCA-2862545,SYKL01,sp005797785,,
GCA_005797785.1,GCA_005797785.1,ncbi,SYKL01 sp005797785,Bacteria,Myxococcota,UBA796,UBA796,GCA-2862545,SYKL01,sp005797785,,
GCA_005799695.1,GCA_005799695.1,ncbi,SYKL01 sp005797785,Bacteria,Myxococcota,UBA796,UBA796,GCA-2862545,SYKL01,sp005797785,,
GCA_002471515.1,GCA_002471515.1,ncbi,GCA-2721815 sp002721815,Bacteria,Myxococcota,UBA727,UBA727,GCA-2721815,GCA-2721815,sp002721815,,
GCA_002298025.1,GCA_002298025.1,ncbi,GCA-2721815 sp002721815,Bacteria,Myxococcota,UBA727,UBA727,GCA-2721815,GCA-2721815,sp002721815,,
GCA_002721815.1,GCA_002721815.1,ncbi,GCA-2721815 sp002721815,Bacteria,Myxococcota,UBA727,UBA727,GCA-2721815,GCA-2721815,sp002721815,,
GCA_903845785.1,GCA_903845785.1,ncbi,CAIWGR01 sp903912275,Bacteria,Myxococcota,Bradymonadia,REDH01,REDH01,CAIWGR01,sp903912275,,
GCA_903904535.1,GCA_903904535.1,ncbi,CAIWGR01 sp903912275,Bacteria,Myxococcota,Bradymonadia,REDH01,REDH01,CAIWGR01,sp903912275,,
GCA_903912275.1,GCA_903912275.1,ncbi,CAIWGR01 sp903912275,Bacteria,Myxococcota,Bradymonadia,REDH01,REDH01,CAIWGR01,sp903912275,,
GCF_013116705.1,GCF_013116705.1,ncbi,Corallococcus exercitus,Bacteria,Myxococcota,Myxococcia,Myxococcales,Myxococcaceae,Corallococcus,exercitus,,
GCF_003611585.1,GCF_003611585.1,ncbi,Corallococcus exercitus,Bacteria,Myxococcota,Myxococcia,Myxococcales,Myxococcaceae,Corallococcus,exercitus,,
GCF_013116615.1,GCF_013116615.1,ncbi,Corallococcus exercitus,Bacteria,Myxococcota,Myxococcia,Myxococcales,Myxococcaceae,Corallococcus,exercitus,,
GCA_002683145.1,GCA_002683145.1,ncbi,GCA-2699025 sp002699025,Bacteria,Myxococcota,Polyangia,Polyangiales,SG8-38,GCA-2699025,sp002699025,,
GCA_002720945.1,GCA_002720945.1,ncbi,GCA-2699025 sp002699025,Bacteria,Myxococcota,Polyangia,Polyangiales,SG8-38,GCA-2699025,sp002699025,,
GCA_002699025.1,GCA_002699025.1,ncbi,GCA-2699025 sp002699025,Bacteria,Myxococcota,Polyangia,Polyangiales,SG8-38,GCA-2699025,sp002699025,,
GCA_002320695.1,GCA_002320695.1,ncbi,UBA6777 sp002731275,Bacteria,Myxococcota,UBA6777,UBA6777,UBA6777,UBA6777,sp002731275,,
GCA_002453135.1,GCA_002453135.1,ncbi,UBA6777 sp002731275,Bacteria,Myxococcota,UBA6777,UBA6777,UBA6777,UBA6777,sp002731275,,
GCA_002731275.1,GCA_002731275.1,ncbi,UBA6777 sp002731275,Bacteria,Myxococcota,UBA6777,UBA6777,UBA6777,UBA6777,sp002731275,,
GCA_007130885.1,GCA_007130885.1,ncbi,SLRQ01 sp007130885,Bacteria,Myxococcota,Myxococcia,SLRQ01,SLRQ01,SLRQ01,sp007130885,,
GCA_007121905.1,GCA_007121905.1,ncbi,SLRQ01 sp007130885,Bacteria,Myxococcota,Myxococcia,SLRQ01,SLRQ01,SLRQ01,sp007130885,,
GCA_007129935.1,GCA_007129935.1,ncbi,SLRQ01 sp007130885,Bacteria,Myxococcota,Myxococcia,SLRQ01,SLRQ01,SLRQ01,sp007130885,,
GCA_903929565.1,GCA_903929565.1,ncbi,CAIOAK01 sp903874275,Bacteria,Myxococcota,Myxococcia,Myxococcales,Anaeromyxobacteraceae,CAIOAK01,sp903874275,,
GCA_903874275.1,GCA_903874275.1,ncbi,CAIOAK01 sp903874275,Bacteria,Myxococcota,Myxococcia,Myxococcales,Anaeromyxobacteraceae,CAIOAK01,sp903874275,,
GCA_903894875.1,GCA_903894875.1,ncbi,CAIOAK01 sp903874275,Bacteria,Myxococcota,Myxococcia,Myxococcales,Anaeromyxobacteraceae,CAIOAK01,sp903874275,,
GCA_005778355.1,GCA_005778355.1,ncbi,SXON01 sp005778355,Bacteria,Myxococcota,UBA796,UBA796,SXON01,SXON01,sp005778355,,
GCA_005804125.1,GCA_005804125.1,ncbi,SXON01 sp005778355,Bacteria,Myxococcota,UBA796,UBA796,SXON01,SXON01,sp005778355,,
GCA_005792815.1,GCA_005792815.1,ncbi,SXON01 sp005778355,Bacteria,Myxococcota,UBA796,UBA796,SXON01,SXON01,sp005778355,,
GCA_002425355.1,GCA_002425355.1,ncbi,UBA796 sp002296975,Bacteria,Myxococcota,UBA796,UBA796,UBA796,UBA796,sp002296975,,
GCA_002296975.1,GCA_002296975.1,ncbi,UBA796 sp002296975,Bacteria,Myxococcota,UBA796,UBA796,UBA796,UBA796,sp002296975,,
GCA_002425435.1,GCA_002425435.1,ncbi,UBA796 sp002296975,Bacteria,Myxococcota,UBA796,UBA796,UBA796,UBA796,sp002296975,,
GCA_903847405.1,GCA_903847405.1,ncbi,CAIZWN01 sp903847405,Bacteria,Myxococcota,UBA9042,DTJE01,DTJE01,CAIZWN01,sp903847405,,
GCA_903939245.1,GCA_903939245.1,ncbi,CAIZWN01 sp903847405,Bacteria,Myxococcota,UBA9042,DTJE01,DTJE01,CAIZWN01,sp903847405,,
GCA_903935365.1,GCA_903935365.1,ncbi,CAIZWN01 sp903847405,Bacteria,Myxococcota,UBA9042,DTJE01,DTJE01,CAIZWN01,sp903847405,,
GCA_903905455.1,GCA_903905455.1,ncbi,Archangium_A sp903905455,Bacteria,Myxococcota,Myxococcia,Myxococcales,Myxococcaceae,Archangium_A,sp903905455,,
GCA_903861945.1,GCA_903861945.1,ncbi,Archangium_A sp903905455,Bacteria,Myxococcota,Myxococcia,Myxococcales,Myxococcaceae,Archangium_A,sp903905455,,
GCA_903915665.1,GCA_903915665.1,ncbi,Archangium_A sp903905455,Bacteria,Myxococcota,Myxococcia,Myxococcales,Myxococcaceae,Archangium_A,sp903905455,,
GCA_003159015.1,GCA_003159015.1,ncbi,Fen-1118 sp003136095,Bacteria,Myxococcota,Polyangia,Palsa-1104,Fen-1088,Fen-1118,sp003136095,,
GCA_003136095.1,GCA_003136095.1,ncbi,Fen-1118 sp003136095,Bacteria,Myxococcota,Polyangia,Palsa-1104,Fen-1088,Fen-1118,sp003136095,,
GCA_003155595.1,GCA_003155595.1,ncbi,Fen-1118 sp003136095,Bacteria,Myxococcota,Polyangia,Palsa-1104,Fen-1088,Fen-1118,sp003136095,,
GCF_004005565.1,GCF_004005565.1,ncbi,Lujinxingia sediminis,Bacteria,Myxococcota,Bradymonadia,Bradymonadales,Bradymonadaceae,Lujinxingia,sediminis,,
GCA_003136135.1,GCA_003136135.1,ncbi,Fen-1137 sp003158735,Bacteria,Myxococcota,Polyangia,Palsa-1104,Fen-1088,Fen-1137,sp003158735,,
GCA_003158735.1,GCA_003158735.1,ncbi,Fen-1137 sp003158735,Bacteria,Myxococcota,Polyangia,Palsa-1104,Fen-1088,Fen-1137,sp003158735,,
GCA_003161935.1,GCA_003161935.1,ncbi,Fen-1137 sp003158735,Bacteria,Myxococcota,Polyangia,Palsa-1104,Fen-1088,Fen-1137,sp003158735,,
GCA_007127155.1,GCA_007127155.1,ncbi,PWKZ01 sp003559575,Bacteria,Myxococcota,UBA9042,PWKZ01,PWKZ01,PWKZ01,sp003559575,,
GCA_007134265.1,GCA_007134265.1,ncbi,PWKZ01 sp003559575,Bacteria,Myxococcota,UBA9042,PWKZ01,PWKZ01,PWKZ01,sp003559575,,
GCA_003559575.1,GCA_003559575.1,ncbi,PWKZ01 sp003559575,Bacteria,Myxococcota,UBA9042,PWKZ01,PWKZ01,PWKZ01,sp003559575,,
GCA_009786635.1,GCA_009786635.1,ncbi,WRKR01 sp009786315,Bacteria,Myxococcota,Myxococcia,Myxococcales,Myxococcaceae,WRKR01,sp009786315,,
GCA_009786315.1,GCA_009786315.1,ncbi,WRKR01 sp009786315,Bacteria,Myxococcota,Myxococcia,Myxococcales,Myxococcaceae,WRKR01,sp009786315,,
GCA_009787575.1,GCA_009787575.1,ncbi,WRKR01 sp009786315,Bacteria,Myxococcota,Myxococcia,Myxococcales,Myxococcaceae,WRKR01,sp009786315,,
GCA_903864035.1,GCA_903864035.1,ncbi,CAIWCD01 sp903911145,Bacteria,Myxococcota,Myxococcia,Myxococcales,40CM-4-68-19,CAIWCD01,sp903911145,,
GCA_903825545.1,GCA_903825545.1,ncbi,CAIWCD01 sp903911145,Bacteria,Myxococcota,Myxococcia,Myxococcales,40CM-4-68-19,CAIWCD01,sp903911145,,
GCA_903911145.1,GCA_903911145.1,ncbi,CAIWCD01 sp903911145,Bacteria,Myxococcota,Myxococcia,Myxococcales,40CM-4-68-19,CAIWCD01,sp903911145,,
GCA_002728755.1,GCA_002728755.1,ncbi,UBA3505 sp002728755,Bacteria,Myxococcota,UBA9042,UBA3505,UBA3505,UBA3505,sp002728755,,
GCA_002377445.1,GCA_002377445.1,ncbi,UBA3505 sp002728755,Bacteria,Myxococcota,UBA9042,UBA3505,UBA3505,UBA3505,sp002728755,,
GCF_003612115.1,GCF_003612115.1,ncbi,Corallococcus sp003612115,Bacteria,Myxococcota,Myxococcia,Myxococcales,Myxococcaceae,Corallococcus,sp003612115,,
GCF_003612065.1,GCF_003612065.1,ncbi,Corallococcus sp003612115,Bacteria,Myxococcota,Myxococcia,Myxococcales,Myxococcaceae,Corallococcus,sp003612115,,
GCA_005805055.1,GCA_005805055.1,ncbi,SYDY01 sp005801425,Bacteria,Myxococcota,XYA12-FULL-58-9,XYA12-FULL-58-9,XYA12-FULL-58-9,SYDY01,sp005801425,,
GCA_005801425.1,GCA_005801425.1,ncbi,SYDY01 sp005801425,Bacteria,Myxococcota,XYA12-FULL-58-9,XYA12-FULL-58-9,XYA12-FULL-58-9,SYDY01,sp005801425,,
GCF_004362595.1,GCF_004362595.1,ncbi,Bradymonas sediminis,Bacteria,Myxococcota,Bradymonadia,Bradymonadales,Bradymonadaceae,Bradymonas,sediminis,,
GCF_003258315.1,GCF_003258315.1,ncbi,Bradymonas sediminis,Bacteria,Myxococcota,Bradymonadia,Bradymonadales,Bradymonadaceae,Bradymonas,sediminis,,
GCA_005792545.1,GCA_005792545.1,ncbi,SXRM01 sp005792545,Bacteria,Myxococcota,UBA9042,UBA9042,UBA9042,SXRM01,sp005792545,,
GCA_005776855.1,GCA_005776855.1,ncbi,SXRM01 sp005792545,Bacteria,Myxococcota,UBA9042,UBA9042,UBA9042,SXRM01,sp005792545,,
GCA_005804885.1,GCA_005804885.1,ncbi,SYOX01 sp005804885,Bacteria,Myxococcota,Bradymonadia,Bradymonadales,GCA-2716585,SYOX01,sp005804885,,
GCA_005777485.1,GCA_005777485.1,ncbi,SYOX01 sp005804885,Bacteria,Myxococcota,Bradymonadia,Bradymonadales,GCA-2716585,SYOX01,sp005804885,,
GCA_013139265.1,GCA_013139265.1,ncbi,SG8-38 sp003647035,Bacteria,Myxococcota,Polyangia,Polyangiales,SG8-38,SG8-38,sp003647035,,
GCA_003647035.1,GCA_003647035.1,ncbi,SG8-38 sp003647035,Bacteria,Myxococcota,Polyangia,Polyangiales,SG8-38,SG8-38,sp003647035,,
GCF_013116825.1,GCF_013116825.1,ncbi,Myxococcus xanthus_B,Bacteria,Myxococcota,Myxococcia,Myxococcales,Myxococcaceae,Myxococcus,xanthus_B,,
GCF_013116865.1,GCF_013116865.1,ncbi,Myxococcus xanthus_B,Bacteria,Myxococcota,Myxococcia,Myxococcales,Myxococcaceae,Myxococcus,xanthus_B,,
GCF_000020805.1,GCF_000020805.1,ncbi,Anaeromyxobacter dehalogenans,Bacteria,Myxococcota,Myxococcia,Myxococcales,Anaeromyxobacteraceae,Anaeromyxobacter,dehalogenans,,
GCF_000022145.1,GCF_000022145.1,ncbi,Anaeromyxobacter dehalogenans,Bacteria,Myxococcota,Myxococcia,Myxococcales,Anaeromyxobacteraceae,Anaeromyxobacter,dehalogenans,,
GCA_903870415.1,GCA_903870415.1,ncbi,CAIQDA01 sp903870415,Bacteria,Myxococcota,Polyangia,Polyangiales,Polyangiaceae,CAIQDA01,sp903870415,,
GCA_903894625.1,GCA_903894625.1,ncbi,CAIQDA01 sp903870415,Bacteria,Myxococcota,Polyangia,Polyangiales,Polyangiaceae,CAIQDA01,sp903870415,,
GCF_000418325.1,GCF_000418325.1,ncbi,Sorangium cellulosum_D,Bacteria,Myxococcota,Polyangia,Polyangiales,Polyangiaceae,Sorangium,cellulosum_D,,
GCF_004135755.1,GCF_004135755.1,ncbi,Sorangium cellulosum_D,Bacteria,Myxococcota,Polyangia,Polyangiales,Polyangiaceae,Sorangium,cellulosum_D,,
GCA_003157775.1,GCA_003157775.1,ncbi,Fen-1137 sp003157775,Bacteria,Myxococcota,Polyangia,Palsa-1104,Fen-1088,Fen-1137,sp003157775,,
GCA_003171435.1,GCA_003171435.1,ncbi,Fen-1137 sp003157775,Bacteria,Myxococcota,Polyangia,Palsa-1104,Fen-1088,Fen-1137,sp003157775,,
GCF_006517175.1,GCF_006517175.1,ncbi,Persicimonas caeni,Bacteria,Myxococcota,Bradymonadia,Bradymonadales,Bradymonadaceae,Persicimonas,caeni,,
GCF_007993775.1,GCF_007993775.1,ncbi,Persicimonas caeni,Bacteria,Myxococcota,Bradymonadia,Bradymonadales,Bradymonadaceae,Persicimonas,caeni,,
GCA_007127515.1,GCA_007127515.1,ncbi,SLQV01 sp007131285,Bacteria,Myxococcota,Polyangia,Polyangiales,SLQV01,SLQV01,sp007131285,,
GCA_007131285.1,GCA_007131285.1,ncbi,SLQV01 sp007131285,Bacteria,Myxococcota,Polyangia,Polyangiales,SLQV01,SLQV01,sp007131285,,
GCA_903903785.1,GCA_903903785.1,ncbi,CAIZWN01 sp903857665,Bacteria,Myxococcota,UBA9042,DTJE01,DTJE01,CAIZWN01,sp903857665,,
GCA_903857665.1,GCA_903857665.1,ncbi,CAIZWN01 sp903857665,Bacteria,Myxococcota,UBA9042,DTJE01,DTJE01,CAIZWN01,sp903857665,,
GCA_005879505.1,GCA_005879505.1,ncbi,40CM-4-68-19 sp005879505,Bacteria,Myxococcota,Myxococcia,Myxococcales,40CM-4-68-19,40CM-4-68-19,sp005879505,,
GCA_005879115.1,GCA_005879115.1,ncbi,40CM-4-68-19 sp005879505,Bacteria,Myxococcota,Myxococcia,Myxococcales,40CM-4-68-19,40CM-4-68-19,sp005879505,,
GCA_002691025.1,GCA_002691025.1,ncbi,MED660 sp002691025,Bacteria,Myxococcota,UBA9160,UBA9160,UBA4427,MED660,sp002691025,,
GCA_002170485.2,GCA_002170485.2,ncbi,MED660 sp002691025,Bacteria,Myxococcota,UBA9160,UBA9160,UBA4427,MED660,sp002691025,,
GCA_903845045.1,GCA_903845045.1,ncbi,SCUS01 sp903845045,Bacteria,Myxococcota,Polyangia,Polyangiales,Ga0077539,SCUS01,sp903845045,,
GCA_903913725.1,GCA_903913725.1,ncbi,SCUS01 sp903845045,Bacteria,Myxococcota,Polyangia,Polyangiales,Ga0077539,SCUS01,sp903845045,,
GCF_013372595.1,GCF_013372595.1,ncbi,Myxococcus sp010894455,Bacteria,Myxococcota,Myxococcia,Myxococcales,Myxococcaceae,Myxococcus,sp010894455,,
GCF_010894455.1,GCF_010894455.1,ncbi,Myxococcus sp010894455,Bacteria,Myxococcota,Myxococcia,Myxococcales,Myxococcaceae,Myxococcus,sp010894455,,
GCF_001896145.1,GCF_001896145.1,ncbi,Archangium violaceum,Bacteria,Myxococcota,Myxococcia,Myxococcales,Myxococcaceae,Archangium,violaceum,,
GCF_000733295.1,GCF_000733295.1,ncbi,Archangium violaceum,Bacteria,Myxococcota,Myxococcia,Myxococcales,Myxococcaceae,Archangium,violaceum,,
GCA_014584455.1,GCA_014584455.1,ncbi,UBA2376 sp900696455,Bacteria,Myxococcota,Polyangia,Haliangiales,Haliangiaceae,UBA2376,sp900696455,,
GCA_900696455.1,GCA_900696455.1,ncbi,UBA2376 sp900696455,Bacteria,Myxococcota,Polyangia,Haliangiales,Haliangiaceae,UBA2376,sp900696455,,
GCF_013372585.1,GCF_013372585.1,ncbi,Myxococcus sp013372585,Bacteria,Myxococcota,Myxococcia,Myxococcales,Myxococcaceae,Myxococcus,sp013372585,,
GCF_013372605.1,GCF_013372605.1,ncbi,Myxococcus sp013372585,Bacteria,Myxococcota,Myxococcia,Myxococcales,Myxococcaceae,Myxococcus,sp013372585,,
GCF_002305895.1,GCF_002305895.1,ncbi,Myxococcus macrosporus,Bacteria,Myxococcota,Myxococcia,Myxococcales,Myxococcaceae,Myxococcus,macrosporus,,
GCF_000219105.1,GCF_000219105.1,ncbi,Myxococcus macrosporus,Bacteria,Myxococcota,Myxococcia,Myxococcales,Myxococcaceae,Myxococcus,macrosporus,,
GCA_002171515.1,GCA_002171515.1,ncbi,TMED88 sp002171515,Bacteria,Myxococcota,UBA9160,UBA9160,UBA4427,TMED88,sp002171515,,
GCA_002692125.1,GCA_002692125.1,ncbi,TMED88 sp002171515,Bacteria,Myxococcota,UBA9160,UBA9160,UBA4427,TMED88,sp002171515,,
GCF_003668875.1,GCF_003668875.1,ncbi,Corallococcus interemptor,Bacteria,Myxococcota,Myxococcia,Myxococcales,Myxococcaceae,Corallococcus,interemptor,,
GCA_003612135.1,GCA_003612135.1,ncbi,Corallococcus interemptor,Bacteria,Myxococcota,Myxococcia,Myxococcales,Myxococcaceae,Corallococcus,interemptor,,
GCF_009909145.1,GCF_009909145.1,ncbi,Corallococcus sp009909145,Bacteria,Myxococcota,Myxococcia,Myxococcales,Myxococcaceae,Corallococcus,sp009909145,,
GCF_007352635.1,GCF_007352635.1,ncbi,Corallococcus sp009909145,Bacteria,Myxococcota,Myxococcia,Myxococcales,Myxococcaceae,Corallococcus,sp009909145,,
GCA_003452515.1,GCA_003452515.1,ncbi,UBA9042 sp002726535,Bacteria,Myxococcota,UBA9042,UBA9042,UBA9042,UBA9042,sp002726535,,
GCA_002726535.1,GCA_002726535.1,ncbi,UBA9042 sp002726535,Bacteria,Myxococcota,UBA9042,UBA9042,UBA9042,UBA9042,sp002726535,,
GCA_002720175.1,GCA_002720175.1,ncbi,UBA6601 sp002433485,Bacteria,Myxococcota,UBA796,UBA9615,UBA9615,UBA6601,sp002433485,,
GCA_002433485.1,GCA_002433485.1,ncbi,UBA6601 sp002433485,Bacteria,Myxococcota,UBA796,UBA9615,UBA9615,UBA6601,sp002433485,,
GCA_903855945.1,GCA_903855945.1,ncbi,CAIOAK01 sp903855945,Bacteria,Myxococcota,Myxococcia,Myxococcales,Anaeromyxobacteraceae,CAIOAK01,sp903855945,,
GCA_903927915.1,GCA_903927915.1,ncbi,CAIOAK01 sp903855945,Bacteria,Myxococcota,Myxococcia,Myxococcales,Anaeromyxobacteraceae,CAIOAK01,sp903855945,,
GCA_004356455.1,GCA_004356455.1,ncbi,SMWZ01 sp004356455,Bacteria,Myxococcota,UBA9160,SZUA-336,SZUA-336,SMWZ01,sp004356455,,
GCA_004356505.1,GCA_004356505.1,ncbi,SMWZ01 sp004356455,Bacteria,Myxococcota,UBA9160,SZUA-336,SZUA-336,SMWZ01,sp004356455,,
GCA_004554395.1,GCA_004554395.1,ncbi,UBA4248 sp004554395,Bacteria,Myxococcota,Bradymonadia,UBA4248,UBA4248,UBA4248,sp004554395,,
GCA_011526055.1,GCA_011526055.1,ncbi,CAADGG01 sp900696485,Bacteria,Myxococcota,UBA9160,UBA9160,UBA9160,CAADGG01,sp900696485,,
GCA_900696485.1,GCA_900696485.1,ncbi,CAADGG01 sp900696485,Bacteria,Myxococcota,UBA9160,UBA9160,UBA9160,CAADGG01,sp900696485,,
GCA_003160835.1,GCA_003160835.1,ncbi,Fen-1137 sp003153015,Bacteria,Myxococcota,Polyangia,Palsa-1104,Fen-1088,Fen-1137,sp003153015,,
GCA_003153015.1,GCA_003153015.1,ncbi,Fen-1137 sp003153015,Bacteria,Myxococcota,Polyangia,Palsa-1104,Fen-1088,Fen-1137,sp003153015,,
GCF_002343915.1,GCF_002343915.1,ncbi,Nannocystis exedens,Bacteria,Myxococcota,Polyangia,Nannocystales,Nannocystaceae,Nannocystis,exedens,,
GCF_900112715.1,GCF_900112715.1,ncbi,Nannocystis exedens,Bacteria,Myxococcota,Polyangia,Nannocystales,Nannocystaceae,Nannocystis,exedens,,
GCA_005879875.1,GCA_005879875.1,ncbi,40CM-4-68-19 sp005879805,Bacteria,Myxococcota,Myxococcia,Myxococcales,40CM-4-68-19,40CM-4-68-19,sp005879805,,
GCA_005879805.1,GCA_005879805.1,ncbi,40CM-4-68-19 sp005879805,Bacteria,Myxococcota,Myxococcia,Myxococcales,40CM-4-68-19,40CM-4-68-19,sp005879805,,
GCA_003155895.1,GCA_003155895.1,ncbi,Fen-1137 sp003142855,Bacteria,Myxococcota,Polyangia,Palsa-1104,Fen-1088,Fen-1137,sp003142855,,
GCA_003142855.1,GCA_003142855.1,ncbi,Fen-1137 sp003142855,Bacteria,Myxococcota,Polyangia,Palsa-1104,Fen-1088,Fen-1137,sp003142855,,
GCA_007124745.1,GCA_007124745.1,ncbi,SLQV01 sp007124745,Bacteria,Myxococcota,Polyangia,Polyangiales,SLQV01,SLQV01,sp007124745,,
GCA_007120075.1,GCA_007120075.1,ncbi,SLQV01 sp007124745,Bacteria,Myxococcota,Polyangia,Polyangiales,SLQV01,SLQV01,sp007124745,,
GCA_002731825.1,GCA_002731825.1,ncbi,UBA1532 sp002731825,Bacteria,Myxococcota,Bradymonadia,UBA7976,UBA1532,UBA1532,sp002731825,,
GCA_002323315.1,GCA_002323315.1,ncbi,UBA1532 sp002731825,Bacteria,Myxococcota,Bradymonadia,UBA7976,UBA1532,UBA1532,sp002731825,,
GCA_005800325.1,GCA_005800325.1,ncbi,SYFR01 sp005800325,Bacteria,Myxococcota,Polyangia,Polyangiales,Polyangiaceae,SYFR01,sp005800325,,
GCA_005805165.1,GCA_005805165.1,ncbi,SYFR01 sp005800325,Bacteria,Myxococcota,Polyangia,Polyangiales,Polyangiaceae,SYFR01,sp005800325,,
GCA_002320815.1,GCA_002320815.1,ncbi,UBA1660 sp002320815,Bacteria,Myxococcota,Polyangia,Polyangiales,SG8-38,UBA1660,sp002320815,,
GCA_002703625.1,GCA_002703625.1,ncbi,UBA1660 sp002320815,Bacteria,Myxococcota,Polyangia,Polyangiales,SG8-38,UBA1660,sp002320815,,
GCA_003158455.1,GCA_003158455.1,ncbi,Fen-1137 sp003158455,Bacteria,Myxococcota,Polyangia,Palsa-1104,Fen-1088,Fen-1137,sp003158455,,
GCA_003158655.1,GCA_003158655.1,ncbi,Fen-1137 sp003158455,Bacteria,Myxococcota,Polyangia,Palsa-1104,Fen-1088,Fen-1137,sp003158455,,
GCF_000168055.1,GCF_000168055.1,ncbi,Stigmatella aurantiaca_A,Bacteria,Myxococcota,Myxococcia,Myxococcales,Myxococcaceae,Stigmatella,aurantiaca_A,,
GCF_000165485.1,GCF_000165485.1,ncbi,Stigmatella aurantiaca_A,Bacteria,Myxococcota,Myxococcia,Myxococcales,Myxococcaceae,Stigmatella,aurantiaca_A,,
GCF_001027285.1,GCF_001027285.1,ncbi,Archangium gephyra,Bacteria,Myxococcota,Myxococcia,Myxococcales,Myxococcaceae,Archangium,gephyra,,
GCF_003387095.1,GCF_003387095.1,ncbi,Archangium gephyra,Bacteria,Myxococcota,Myxococcia,Myxococcales,Myxococcaceae,Archangium,gephyra,,
GCA_003242475.1,GCA_003242475.1,ncbi,ZC4RG40 sp003242475,Bacteria,Myxococcota,Myxococcia,Myxococcales,Vulgatibacteraceae,ZC4RG40,sp003242475,,
GCF_000067165.1,GCF_000067165.1,ncbi,Sorangium cellulosum_B,Bacteria,Myxococcota,Polyangia,Polyangiales,Polyangiaceae,Sorangium,cellulosum_B,,
GCA_903893335.1,GCA_903893335.1,ncbi,CAITLX01 sp903893335,Bacteria,Myxococcota,Polyangia,Polyangiales,Polyangiaceae,CAITLX01,sp903893335,,
GCA_009692535.1,GCA_009692535.1,ncbi,SHYZ01 sp009692535,Bacteria,Myxococcota,Polyangia,Haliangiales,SHYZ01,SHYZ01,sp009692535,,
GCA_013813765.1,GCA_013813765.1,ncbi,JABFXX01 sp013813765,Bacteria,Myxococcota,Polyangia,Haliangiales,Haliangiaceae,JABFXX01,sp013813765,,
GCA_007133195.1,GCA_007133195.1,ncbi,SLNH01 sp007133195,Bacteria,Myxococcota,Polyangia,Haliangiales,Haliangiaceae,SLNH01,sp007133195,,
GCA_002841945.1,GCA_002841945.1,ncbi,PHBI01 sp002841945,Bacteria,Myxococcota,UBA9042,PHBI01,PHBI01,PHBI01,sp002841945,,
GCA_002724675.1,GCA_002724675.1,ncbi,GCA-2724675 sp002724675,Bacteria,Myxococcota,UBA796,UBA9615,UBA9615,GCA-2724675,sp002724675,,
GCA_013151875.1,GCA_013151875.1,ncbi,JADDHL01 sp013151875,Bacteria,Myxococcota,UBA9042,DTJE01,DTJE01,JADDHL01,sp013151875,,
GCA_003153195.1,GCA_003153195.1,ncbi,PALSA-1153 sp003153195,Bacteria,Myxococcota,Polyangia,Palsa-1104,Palsa-1104,PALSA-1153,sp003153195,,
GCA_006508105.1,GCA_006508105.1,ncbi,FL481 sp006508105,Bacteria,Myxococcota,Polyangia,Nannocystales,Nannocystaceae,FL481,sp006508105,,
GCA_002450755.1,GCA_002450755.1,ncbi,UBA6930 sp002450755,Bacteria,Myxococcota,UBA9160,UBA9160,UBA6930,UBA6930,sp002450755,,
GCA_004297725.1,GCA_004297725.1,ncbi,SCUS01 sp004297725,Bacteria,Myxococcota,Polyangia,Polyangiales,Ga0077539,SCUS01,sp004297725,,
GCA_012797735.1,GCA_012797735.1,ncbi,JAAZOP01 sp012797735,Bacteria,Myxococcota,Polyangia,DRWM01,JAAZOP01,JAAZOP01,sp012797735,,
GCA_011367485.1,GCA_011367485.1,ncbi,JAAZOP01 sp011367485,Bacteria,Myxococcota,Polyangia,DRWM01,JAAZOP01,JAAZOP01,sp011367485,,
GCF_001263205.1,GCF_001263205.1,ncbi,Labilithrix luteola,Bacteria,Myxococcota,Polyangia,Polyangiales,Polyangiaceae,Labilithrix,luteola,,
GCA_003151595.1,GCA_003151595.1,ncbi,PALSA-1152 sp003151595,Bacteria,Myxococcota,Polyangia,Polyangiales,Polyangiaceae,PALSA-1152,sp003151595,,
GCF_007997005.1,GCF_007997005.1,ncbi,Lujinxingia sp007997005,Bacteria,Myxococcota,Bradymonadia,Bradymonadales,Bradymonadaceae,Lujinxingia,sp007997005,,
GCA_009782175.1,GCA_009782175.1,ncbi,WRKR01 sp009782175,Bacteria,Myxococcota,Myxococcia,Myxococcales,Myxococcaceae,WRKR01,sp009782175,,
GCF_000024805.1,GCF_000024805.1,ncbi,Haliangium ochraceum,Bacteria,Myxococcota,Polyangia,Haliangiales,Haliangiaceae,Haliangium,ochraceum,,
GCA_005788935.1,GCA_005788935.1,ncbi,SYAK01 sp005788935,Bacteria,Myxococcota,UBA9042,PHBI01,PHBI01,SYAK01,sp005788935,,
GCF_002305875.1,GCF_002305875.1,ncbi,Cystobacter fuscus_A,Bacteria,Myxococcota,Myxococcia,Myxococcales,Myxococcaceae,Cystobacter,fuscus_A,,
GCA_002789955.1,GCA_002789955.1,ncbi,UM-FILTER-63-12 sp002789955,Bacteria,Myxococcota,Bradymonadia,UBA4248,UBA4248,UM-FILTER-63-12,sp002789955,,
GCA_012959805.1,GCA_012959805.1,ncbi,UBA4427 sp012959805,Bacteria,Myxococcota,UBA9160,UBA9160,UBA4427,UBA4427,sp012959805,,
GCA_005888115.1,GCA_005888115.1,ncbi,40CM-4-68-19 sp005888115,Bacteria,Myxococcota,Myxococcia,Myxococcales,40CM-4-68-19,40CM-4-68-19,sp005888115,,
GCA_005776585.1,GCA_005776585.1,ncbi,SXOX01 sp005776585,Bacteria,Myxococcota,UBA9042,GCA-2863065,GCA-2863065,SXOX01,sp005776585,,
GCA_009692485.1,GCA_009692485.1,ncbi,SYFR01 sp009692485,Bacteria,Myxococcota,Polyangia,Polyangiales,Polyangiaceae,SYFR01,sp009692485,,
GCA_002683315.1,GCA_002683315.1,ncbi,GCA-2683315 sp002683315,Bacteria,Myxococcota,UBA796,UBA796,UBA796,GCA-2683315,sp002683315,,
GCA_003157315.1,GCA_003157315.1,ncbi,Fen-1137 sp003157315,Bacteria,Myxococcota,Polyangia,Palsa-1104,Fen-1088,Fen-1137,sp003157315,,
GCF_004135735.1,GCF_004135735.1,ncbi,Sorangium cellulosum_F,Bacteria,Myxococcota,Polyangia,Polyangiales,Polyangiaceae,Sorangium,cellulosum_F,,
GCA_009936995.1,GCA_009936995.1,ncbi,JAACDH01 sp009936995,Bacteria,Myxococcota,UBA796,UBA796,GCA-2862545,JAACDH01,sp009936995,,
GCA_007693595.1,GCA_007693595.1,ncbi,REDI01 sp007693595,Bacteria,Myxococcota,UBA796,UBA796,GCA-2862545,REDI01,sp007693595,,
GCA_009780955.1,GCA_009780955.1,ncbi,Labilithrix sp009780955,Bacteria,Myxococcota,Polyangia,Polyangiales,Polyangiaceae,Labilithrix,sp009780955,,
GCA_003247575.1,GCA_003247575.1,ncbi,SZUA-336 sp003247575,Bacteria,Myxococcota,UBA9160,SZUA-336,SZUA-336,SZUA-336,sp003247575,,
GCA_002691205.1,GCA_002691205.1,ncbi,MED660 sp002691205,Bacteria,Myxococcota,UBA9160,UBA9160,UBA4427,MED660,sp002691205,,
GCA_002709835.1,GCA_002709835.1,ncbi,UBA4427 sp002709835,Bacteria,Myxococcota,UBA9160,UBA9160,UBA4427,UBA4427,sp002709835,,
GCA_002862545.1,GCA_002862545.1,ncbi,GCA-2862545 sp002862545,Bacteria,Myxococcota,UBA796,UBA796,GCA-2862545,GCA-2862545,sp002862545,,
GCA_009692605.1,GCA_009692605.1,ncbi,CAIUMM01 sp009692605,Bacteria,Myxococcota,UBA796,UBA796,SXON01,CAIUMM01,sp009692605,,
GCF_003600865.1,GCF_003600865.1,ncbi,Corallococcus sp003600865,Bacteria,Myxococcota,Myxococcia,Myxococcales,Myxococcaceae,Corallococcus,sp003600865,,
GCA_013297655.1,GCA_013297655.1,ncbi,JAAFHV01 sp013297655,Bacteria,Myxococcota,Polyangia,Polyangiales,Polyangiaceae,JAAFHV01,sp013297655,,
GCA_903917305.1,GCA_903917305.1,ncbi,CAIXAA01 sp903917305,Bacteria,Myxococcota,UBA9042,UBA9042,UBA9042,CAIXAA01,sp903917305,,
GCA_013215615.1,GCA_013215615.1,ncbi,JABSQX01 sp013215615,Bacteria,Myxococcota,UBA9160,UBA9160,SMWR01,JABSQX01,sp013215615,,
GCA_013361525.1,GCA_013361525.1,ncbi,CAITIQ01 sp013361525,Bacteria,Myxococcota,Polyangia,Polyangiales,Polyangiaceae,CAITIQ01,sp013361525,,
GCA_005777155.1,GCA_005777155.1,ncbi,SXNM01 sp005777155,Bacteria,Myxococcota,UBA9042,UBA9042,UBA9042,SXNM01,sp005777155,,
GCF_005144635.1,GCF_005144635.1,ncbi,Polyangium sp005144635,Bacteria,Myxococcota,Polyangia,Polyangiales,Polyangiaceae,Polyangium,sp005144635,,
GCA_013368795.1,GCA_013368795.1,ncbi,JABFXX01 sp013368795,Bacteria,Myxococcota,Polyangia,Haliangiales,Haliangiaceae,JABFXX01,sp013368795,,
GCA_009692555.1,GCA_009692555.1,ncbi,SHYY01 sp009692555,Bacteria,Myxococcota,Polyangia,Palsa-1104,Palsa-1104,SHYY01,sp009692555,,
GCA_002841905.1,GCA_002841905.1,ncbi,HGW-17 sp002841905,Bacteria,Myxococcota,Polyangia,HGW-17,HGW-17,HGW-17,sp002841905,,
GCA_002390675.1,GCA_002390675.1,ncbi,UBA4427 sp002390675,Bacteria,Myxococcota,UBA9160,UBA9160,UBA4427,UBA4427,sp002390675,,
GCA_013215565.1,GCA_013215565.1,ncbi,JABSQV01 sp013215565,Bacteria,Myxococcota,UBA9160,SZUA-336,SZUA-336,JABSQV01,sp013215565,,
GCA_003153495.1,GCA_003153495.1,ncbi,Palsa-1150 sp003153495,Bacteria,Myxococcota,Polyangia,Polyangiales,Polyangiaceae,Palsa-1150,sp003153495,,
GCA_902574205.1,GCA_902574205.1,ncbi,CACGMS01 sp902574205,Bacteria,Myxococcota,UBA727,UBA4151,UBA4151,CACGMS01,sp902574205,,
GCA_001798605.1,GCA_001798605.1,ncbi,XYA12-FULL-58-9 sp001798605,Bacteria,Myxococcota,XYA12-FULL-58-9,XYA12-FULL-58-9,XYA12-FULL-58-9,XYA12-FULL-58-9,sp001798605,,
GCA_014240065.1,GCA_014240065.1,ncbi,JAAZXR01 sp014240065,Bacteria,Myxococcota,Polyangia,Nannocystales,Nannocystaceae,JAAZXR01,sp014240065,,
GCA_013152105.1,GCA_013152105.1,ncbi,UBA2385 sp013152105,Bacteria,Myxococcota,UBA796,UBA796,UBA796,UBA2385,sp013152105,,
GCA_013205435.1,GCA_013205435.1,ncbi,CAIWGR01 sp013205435,Bacteria,Myxococcota,Bradymonadia,REDH01,REDH01,CAIWGR01,sp013205435,,
GCF_001263175.1,GCF_001263175.1,ncbi,Vulgatibacter incomptus,Bacteria,Myxococcota,Myxococcia,Myxococcales,Vulgatibacteraceae,Vulgatibacter,incomptus,,
GCA_002395385.1,GCA_002395385.1,ncbi,UBA4248 sp002395385,Bacteria,Myxococcota,Bradymonadia,UBA4248,UBA4248,UBA4248,sp002395385,,
GCF_010894405.1,GCF_010894405.1,ncbi,Myxococcus sp010894405,Bacteria,Myxococcota,Myxococcia,Myxococcales,Myxococcaceae,Myxococcus,sp010894405,,
GCA_013298325.1,GCA_013298325.1,ncbi,JAAFHJ01 sp013298325,Bacteria,Myxococcota,Polyangia,Polyangiales,Polyangiaceae,JAAFHJ01,sp013298325,,
GCA_003696105.1,GCA_003696105.1,ncbi,J016 sp003696105,Bacteria,Myxococcota,Polyangia,Haliangiales,J016,J016,sp003696105,,
GCF_001931535.1,GCF_001931535.1,ncbi,Minicystis rosea,Bacteria,Myxococcota,Polyangia,Polyangiales,Polyangiaceae,Minicystis,rosea,,
GCA_903850505.1,GCA_903850505.1,ncbi,CAIYBN01 sp903850505,Bacteria,Myxococcota,UBA9042,UBA9042,UBA9042,CAIYBN01,sp903850505,,
GCA_013215605.1,GCA_013215605.1,ncbi,JABSQW01 sp013215605,Bacteria,Myxococcota,UBA9160,UBA9160,SMWR01,JABSQW01,sp013215605,,
GCF_000170895.1,GCF_000170895.1,ncbi,Plesiocystis pacifica,Bacteria,Myxococcota,Polyangia,Nannocystales,Nannocystaceae,Plesiocystis,pacifica,,
GCA_007131745.1,GCA_007131745.1,ncbi,SLPX01 sp007131745,Bacteria,Myxococcota,Polyangia,HGW-17,SLPX01,SLPX01,sp007131745,,
GCF_003612165.1,GCF_003612165.1,ncbi,Corallococcus aberystwythensis,Bacteria,Myxococcota,Myxococcia,Myxococcales,Myxococcaceae,Corallococcus,aberystwythensis,,
GCA_903959175.1,GCA_903959175.1,ncbi,CAJBVW01 sp903959175,Bacteria,Myxococcota,UBA796,UBA796,SXON01,CAJBVW01,sp903959175,,
GCA_001312805.1,GCA_001312805.1,ncbi,Byssovorax cruenta,Bacteria,Myxococcota,Polyangia,Polyangiales,Polyangiaceae,Byssovorax,cruenta,,
GCA_013360285.1,GCA_013360285.1,ncbi,JABWCM01 sp013360285,Bacteria,Myxococcota,UBA9042,JABWCM01,JABWCM01,JABWCM01,sp013360285,,
GCA_004173515.1,GCA_004173515.1,ncbi,Corallococcus sp004173515,Bacteria,Myxococcota,Myxococcia,Myxococcales,Myxococcaceae,Corallococcus,sp004173515,,
GCA_007120615.1,GCA_007120615.1,ncbi,SKNI01 sp007120615,Bacteria,Myxococcota,Bradymonadia,Bradymonadales,Bradymonadaceae,SKNI01,sp007120615,,
GCA_011368045.1,GCA_011368045.1,ncbi,JAAZNF01 sp011368045,Bacteria,Myxococcota,B64-G9,B64-G9,B64-G9,JAAZNF01,sp011368045,,
GCA_013214025.1,GCA_013214025.1,ncbi,JABSRN01 sp013214025,Bacteria,Myxococcota,Polyangia,Polyangiales,Polyangiaceae,JABSRN01,sp013214025,,
GCA_013151775.1,GCA_013151775.1,ncbi,JAADHO01 sp013151775,Bacteria,Myxococcota,Polyangia,Polyangiales,SG8-38,JAADHO01,sp013151775,,
GCF_000280925.3,GCF_000280925.3,ncbi,Myxococcus hansupus,Bacteria,Myxococcota,Myxococcia,Myxococcales,Myxococcaceae,Myxococcus,hansupus,,
GCA_012514535.1,GCA_012514535.1,ncbi,NIC37A-2 sp012514535,Bacteria,Myxococcota,Polyangia,Polyangiales,Polyangiaceae,NIC37A-2,sp012514535,,
GCA_005879315.1,GCA_005879315.1,ncbi,40CM-4-68-19 sp005879315,Bacteria,Myxococcota,Myxococcia,Myxococcales,40CM-4-68-19,40CM-4-68-19,sp005879315,,
GCF_001189295.1,GCF_001189295.1,ncbi,Chondromyces crocatus,Bacteria,Myxococcota,Polyangia,Polyangiales,Polyangiaceae,Chondromyces,crocatus,,
GCA_013812655.1,GCA_013812655.1,ncbi,JABFXX01 sp013812655,Bacteria,Myxococcota,Polyangia,Haliangiales,Haliangiaceae,JABFXX01,sp013812655,,
GCA_903869075.1,GCA_903869075.1,ncbi,CAIYBN01 sp903869075,Bacteria,Myxococcota,UBA9042,UBA9042,UBA9042,CAIYBN01,sp903869075,,
GCA_002309015.1,GCA_002309015.1,ncbi,UBA1238 sp002309015,Bacteria,Myxococcota,Bradymonadia,UBA7976,UBA1532,UBA1238,sp002309015,,
GCA_002408385.1,GCA_002408385.1,ncbi,UBA10939 sp002408385,Bacteria,Myxococcota,Myxococcia,Myxococcales,UBA5297,UBA10939,sp002408385,,
GCA_014238595.1,GCA_014238595.1,ncbi,JABAAV01 sp014238595,Bacteria,Myxococcota,Polyangia,Haliangiales,J016,JABAAV01,sp014238595,,
GCA_014240165.1,GCA_014240165.1,ncbi,JAZXM01 sp014240165,Bacteria,Myxococcota,UBA9160,UBA9160,UBA4427,JAZXM01,sp014240165,,
GCA_013298625.1,GCA_013298625.1,ncbi,Ga0077539 sp013298625,Bacteria,Myxococcota,Polyangia,Polyangiales,Ga0077539,Ga0077539,sp013298625,,
GCA_013152945.1,GCA_013152945.1,ncbi,JAADFL01 sp013152945,Bacteria,Myxococcota,JAADFL01,JAADFL01,JAADFL01,JAADFL01,sp013152945,,
GCF_002305855.1,GCF_002305855.1,ncbi,Melittangium boletus,Bacteria,Myxococcota,Myxococcia,Myxococcales,Myxococcaceae,Melittangium,boletus,,
GCA_011390535.1,GCA_011390535.1,ncbi,SLPX01 sp011390535,Bacteria,Myxococcota,Polyangia,HGW-17,SLPX01,SLPX01,sp011390535,,
GCA_009692465.1,GCA_009692465.1,ncbi,SXRM01 sp009692465,Bacteria,Myxococcota,UBA9042,UBA9042,UBA9042,SXRM01,sp009692465,,
GCF_000737315.1,GCF_000737315.1,ncbi,Hyalangium minutum,Bacteria,Myxococcota,Myxococcia,Myxococcales,Myxococcaceae,Hyalangium,minutum,,
GCA_012960035.1,GCA_012960035.1,ncbi,DUBZ01 sp012960035,Bacteria,Myxococcota,UBA9160,UBA9160,UBA4427,DUBZ01,sp012960035,,
GCA_003694325.1,GCA_003694325.1,ncbi,J125 sp003694325,Bacteria,Myxococcota,UBA796,UBA796,UBA796,J125,sp003694325,,
GCA_003520425.1,GCA_003520425.1,ncbi,UBA9160 sp003520425,Bacteria,Myxococcota,UBA9160,UBA9160,UBA9160,UBA9160,sp003520425,,
GCA_007119595.1,GCA_007119595.1,ncbi,SLJM01 sp007119595,Bacteria,Myxococcota,Bradymonadia,Bradymonadales,Bradymonadaceae,SLJM01,sp007119595,,
GCA_003353845.1,GCA_003353845.1,ncbi,GLO-12 sp003353845,Bacteria,Myxococcota,UBA9160,UBA9160,GLO-12,GLO-12,sp003353845,,
GCF_002994635.1,GCF_002994635.1,ncbi,Enhygromyxa salina_B,Bacteria,Myxococcota,Polyangia,Nannocystales,Nannocystaceae,Enhygromyxa,salina_B,,
GCF_900109545.1,GCF_900109545.1,ncbi,Stigmatella aurantiaca,Bacteria,Myxococcota,Myxococcia,Myxococcales,Myxococcaceae,Stigmatella,aurantiaca,,
GCA_014656495.1,GCA_014656495.1,ncbi,Myxococcus sp014656495,Bacteria,Myxococcota,Myxococcia,Myxococcales,Myxococcaceae,Myxococcus,sp014656495,,
GCA_006226375.1,GCA_006226375.1,ncbi,M3003 sp006226375,Bacteria,Myxococcota,UBA6777,UBA6777,UBA6777,M3003,sp006226375,,
GCA_003155465.1,GCA_003155465.1,ncbi,Fen-1137 sp003155465,Bacteria,Myxococcota,Polyangia,Palsa-1104,Fen-1088,Fen-1137,sp003155465,,
GCA_903891165.1,GCA_903891165.1,ncbi,CAITDR01 sp903891165,Bacteria,Myxococcota,UBA796,UBA796,SXON01,CAITDR01,sp903891165,,
GCF_009659535.1,GCF_009659535.1,ncbi,Aggregicoccus sp009659535,Bacteria,Myxococcota,Myxococcia,Myxococcales,Myxococcaceae,Aggregicoccus,sp009659535,,
GCA_003139415.1,GCA_003139415.1,ncbi,Palsa-1150 sp003139415,Bacteria,Myxococcota,Polyangia,Polyangiales,Polyangiaceae,Palsa-1150,sp003139415,,
GCA_004193285.1,GCA_004193285.1,ncbi,PMG-095 sp004193285,Bacteria,Myxococcota,Polyangia,Polyangiales,Polyangiaceae,PMG-095,sp004193285,,
GCF_001887355.1,GCF_001887355.1,ncbi,Cystobacter ferrugineus,Bacteria,Myxococcota,Myxococcia,Myxococcales,Myxococcaceae,Cystobacter,ferrugineus,,
GCF_010894435.1,GCF_010894435.1,ncbi,Myxococcus sp010894435,Bacteria,Myxococcota,Myxococcia,Myxococcales,Myxococcaceae,Myxococcus,sp010894435,,
GCF_000964525.1,GCF_000964525.1,ncbi,Anaeromyxobacter sp000964525,Bacteria,Myxococcota,Myxococcia,Myxococcales,Anaeromyxobacteraceae,Anaeromyxobacter,sp000964525,,
GCF_009649845.1,GCF_009649845.1,ncbi,Polyangium spumosum,Bacteria,Myxococcota,Polyangia,Polyangiales,Polyangiaceae,Polyangium,spumosum,,
GCA_009692505.1,GCA_009692505.1,ncbi,SHZC01 sp009692505,Bacteria,Myxococcota,Bradymonadia,UBA7976,UBA1532,SHZC01,sp009692505,,
GCA_005779305.1,GCA_005779305.1,ncbi,UBA2376 sp005779305,Bacteria,Myxococcota,Polyangia,Haliangiales,Haliangiaceae,UBA2376,sp005779305,,
GCA_007693585.1,GCA_007693585.1,ncbi,REDH01 sp007693585,Bacteria,Myxococcota,Bradymonadia,REDH01,REDH01,REDH01,sp007693585,,
GCA_003235365.1,GCA_003235365.1,ncbi,SZUA-265 sp003235365,Bacteria,Myxococcota,Polyangia,Polyangiales,Polyangiaceae,SZUA-265,sp003235365,,
GCA_002707085.1,GCA_002707085.1,ncbi,GCA-2707085 sp002707085,Bacteria,Myxococcota,UBA796,UBA796,UBA796,GCA-2707085,sp002707085,,
GCA_001465015.1,GCA_001465015.1,ncbi,Ga0077539 sp001465015,Bacteria,Myxococcota,Polyangia,Polyangiales,Ga0077539,Ga0077539,sp001465015,,
GCA_011526585.1,GCA_011526585.1,ncbi,WYBB01 sp011526585,Bacteria,Myxococcota,UBA9042,PHBI01,PHBI01,WYBB01,sp011526585,,
GCF_003611735.1,GCF_003611735.1,ncbi,Corallococcus sicarius,Bacteria,Myxococcota,Myxococcia,Myxococcales,Myxococcaceae,Corallococcus,sicarius,,
GCA_006226565.1,GCA_006226565.1,ncbi,PHBI01 sp006226565,Bacteria,Myxococcota,UBA9042,PHBI01,PHBI01,PHBI01,sp006226565,,
GCA_009992505.1,GCA_009992505.1,ncbi,JAADHO01 sp009992505,Bacteria,Myxococcota,Polyangia,Polyangiales,SG8-38,JAADHO01,sp009992505,,
GCA_003647095.1,GCA_003647095.1,ncbi,B64-G9 sp003647095,Bacteria,Myxococcota,B64-G9,B64-G9,B64-G9,B64-G9,sp003647095,,
GCA_002344285.1,GCA_002344285.1,ncbi,UBA2376 sp002344285,Bacteria,Myxococcota,Polyangia,Haliangiales,Haliangiaceae,UBA2376,sp002344285,,
GCA_903906315.1,GCA_903906315.1,ncbi,CAIVJW01 sp903906315,Bacteria,Myxococcota,Polyangia,Polyangiales,Polyangiaceae,CAIVJW01,sp903906315,,
GCA_013002645.1,GCA_013002645.1,ncbi,SG8-38 sp013002645,Bacteria,Myxococcota,Polyangia,Polyangiales,SG8-38,SG8-38,sp013002645,,
GCA_009692585.1,GCA_009692585.1,ncbi,SXON01 sp009692585,Bacteria,Myxococcota,UBA796,UBA796,SXON01,SXON01,sp009692585,,
GCA_011373655.1,GCA_011373655.1,ncbi,DRWM01 sp011373655,Bacteria,Myxococcota,Polyangia,DRWM01,DRWM01,DRWM01,sp011373655,,
GCA_003170035.1,GCA_003170035.1,ncbi,Fen-1137 sp003170035,Bacteria,Myxococcota,Polyangia,Palsa-1104,Fen-1088,Fen-1137,sp003170035,,
GCA_011526095.1,GCA_011526095.1,ncbi,WYBA01 sp011526095,Bacteria,Myxococcota,Polyangia,Haliangiales,Haliangiaceae,WYBA01,sp011526095,,
GCA_003818285.1,GCA_003818285.1,ncbi,RPRB01 sp003818285,Bacteria,Myxococcota,Myxococcia,Myxococcales,Myxococcaceae,RPRB01,sp003818285,,
GCA_009781005.1,GCA_009781005.1,ncbi,Labilithrix sp009781005,Bacteria,Myxococcota,Polyangia,Polyangiales,Polyangiaceae,Labilithrix,sp009781005,,
GCA_004213565.1,GCA_004213565.1,ncbi,MED-G138 sp004213565,Bacteria,Myxococcota,Polyangia,Polyangiales,Sandaracinaceae,MED-G138,sp004213565,,
GCA_002348535.1,GCA_002348535.1,ncbi,UBA796 sp002348535,Bacteria,Myxococcota,UBA796,UBA796,UBA796,UBA796,sp002348535,,
GCA_001464385.1,GCA_001464385.1,ncbi,Ga0077550 sp001464385,Bacteria,Myxococcota,Polyangia,Nannocystales,Nannocystaceae,Ga0077550,sp001464385,,
GCA_003153055.1,GCA_003153055.1,ncbi,FEN-1143 sp003153055,Bacteria,Myxococcota,Myxococcia,Myxococcales,Myxococcaceae,FEN-1143,sp003153055,,
GCF_003260125.1,GCF_003260125.1,ncbi,Lujinxingia litoralis,Bacteria,Myxococcota,Bradymonadia,Bradymonadales,Bradymonadaceae,Lujinxingia,litoralis,,
GCA_002085155.1,GCA_002085155.1,ncbi,NIC37A-2 sp002085155,Bacteria,Myxococcota,Polyangia,Polyangiales,Polyangiaceae,NIC37A-2,sp002085155,,
GCA_002719955.1,GCA_002719955.1,ncbi,UBA4427 sp002719955,Bacteria,Myxococcota,UBA9160,UBA9160,UBA4427,UBA4427,sp002719955,,
GCA_002747355.1,GCA_002747355.1,ncbi,GCA-2747355 sp002747355,Bacteria,Myxococcota,Polyangia,GCA-2747355,GCA-2747355,GCA-2747355,sp002747355,,
GCA_007120915.1,GCA_007120915.1,ncbi,SLJM01 sp007120915,Bacteria,Myxococcota,Bradymonadia,Bradymonadales,Bradymonadaceae,SLJM01,sp007120915,,
GCA_014191855.1,GCA_014191855.1,ncbi,SXON01 sp014191855,Bacteria,Myxococcota,UBA796,UBA796,SXON01,SXON01,sp014191855,,
GCA_903894755.1,GCA_903894755.1,ncbi,CAITRH01 sp903894755,Bacteria,Myxococcota,Polyangia,Polyangiales,Polyangiaceae,CAITRH01,sp903894755,,
GCF_000601485.1,GCF_000601485.1,ncbi,Chondromyces apiculatus,Bacteria,Myxococcota,Polyangia,Polyangiales,Polyangiaceae,Chondromyces,apiculatus,,
GCA_001303415.1,GCA_001303415.1,ncbi,SG8-38 sp001303415,Bacteria,Myxococcota,Polyangia,Polyangiales,SG8-38,SG8-38,sp001303415,,
GCA_012744445.1,GCA_012744445.1,ncbi,JAAYBZ01 sp012744445,Bacteria,Myxococcota,Polyangia,Polyangiales,SG8-38,JAAYBZ01,sp012744445,,
GCF_003611635.1,GCF_003611635.1,ncbi,Corallococcus terminator,Bacteria,Myxococcota,Myxococcia,Myxococcales,Myxococcaceae,Corallococcus,terminator,,
GCF_003044305.1,GCF_003044305.1,ncbi,Vitiosangium sp003044305,Bacteria,Myxococcota,Myxococcia,Myxococcales,Myxococcaceae,Vitiosangium,sp003044305,,
GCA_003576805.1,GCA_003576805.1,ncbi,PR03 sp003576805,Bacteria,Myxococcota,UBA9160,UBA9160,UBA9160,PR03,sp003576805,,
GCA_011055735.1,GCA_011055735.1,ncbi,DSOP01 sp011055735,Bacteria,Myxococcota,UBA9160,UBA9160,UBA6930,DSOP01,sp011055735,,
GCF_013340205.1,GCF_013340205.1,ncbi,R267 sp013340205,Bacteria,Myxococcota,Myxococcia,Myxococcales,Anaeromyxobacteraceae,R267,sp013340205,,
GCA_011389165.1,GCA_011389165.1,ncbi,DTJE01 sp011389165,Bacteria,Myxococcota,UBA9042,DTJE01,DTJE01,DTJE01,sp011389165,,
GCA_011376105.1,GCA_011376105.1,ncbi,DRPG01 sp011376105,Bacteria,Myxococcota,UBA796,UBA796,GCA-2862545,DRPG01,sp011376105,,
GCA_002687015.1,GCA_002687015.1,ncbi,GCA-2687015 sp002687015,Bacteria,Myxococcota,UBA9160,UBA9160,UBA6930,GCA-2687015,sp002687015,,
GCA_005776725.1,GCA_005776725.1,ncbi,SXOO01 sp005776725,Bacteria,Myxococcota,UBA9042,GCA-2863065,GCA-2863065,SXOO01,sp005776725,,
GCA_903924465.1,GCA_903924465.1,ncbi,CAIYBN01 sp903924465,Bacteria,Myxococcota,UBA9042,UBA9042,UBA9042,CAIYBN01,sp903924465,,
GCA_003243425.1,GCA_003243425.1,ncbi,Archangium_A gephyra_A,Bacteria,Myxococcota,Myxococcia,Myxococcales,Myxococcaceae,Archangium_A,gephyra_A,,
GCA_003154095.1,GCA_003154095.1,ncbi,FEN-1139 sp003154095,Bacteria,Myxococcota,Polyangia,Polyangiales,Polyangiaceae,FEN-1139,sp003154095,,
GCA_012514415.1,GCA_012514415.1,ncbi,JAAYBZ01 sp012514415,Bacteria,Myxococcota,Polyangia,Polyangiales,SG8-38,JAAYBZ01,sp012514415,,
GCF_001931505.1,GCF_001931505.1,ncbi,Pajaroellobacter abortibovis,Bacteria,Myxococcota,Polyangia,Polyangiales,Polyangiaceae,Pajaroellobacter,abortibovis,,
GCA_011526105.1,GCA_011526105.1,ncbi,WYAZ01 sp011526105,Bacteria,Myxococcota,WYAZ01,WYAZ01,WYAZ01,WYAZ01,sp011526105,,
GCA_011389755.1,GCA_011389755.1,ncbi,JAABTR01 sp011389755,Bacteria,Myxococcota,Polyangia,JAAYKL01,JAAYKL01,JAABTR01,sp011389755,,
GCF_000737325.1,GCF_000737325.1,ncbi,Sandaracinus amylolyticus,Bacteria,Myxococcota,Polyangia,Polyangiales,Sandaracinaceae,Sandaracinus,amylolyticus,,
GCA_002309695.1,GCA_002309695.1,ncbi,UBA1203 sp002309695,Bacteria,Myxococcota,Myxococcia,Myxococcales,UBA5297,UBA1203,sp002309695,,
GCA_903892415.1,GCA_903892415.1,ncbi,CAITIQ01 sp903892415,Bacteria,Myxococcota,Polyangia,Polyangiales,Polyangiaceae,CAITIQ01,sp903892415,,
GCA_005879095.1,GCA_005879095.1,ncbi,40CM-4-68-19 sp005879095,Bacteria,Myxococcota,Myxococcia,Myxococcales,40CM-4-68-19,40CM-4-68-19,sp005879095,,
GCA_002863065.1,GCA_002863065.1,ncbi,GCA-2863065 sp002863065,Bacteria,Myxococcota,UBA9042,GCA-2863065,GCA-2863065,GCA-2863065,sp002863065,,
GCA_001899635.1,GCA_001899635.1,ncbi,Labilithrix sp001899635,Bacteria,Myxococcota,Polyangia,Polyangiales,Polyangiaceae,Labilithrix,sp001899635,,
GCA_003249585.1,GCA_003249585.1,ncbi,SZUA-580 sp003249585,Bacteria,Myxococcota,Polyangia,HGW-17,HGW-17,SZUA-580,sp003249585,,
GCA_007131755.1,GCA_007131755.1,ncbi,SLJM01 sp007131755,Bacteria,Myxococcota,Bradymonadia,Bradymonadales,Bradymonadaceae,SLJM01,sp007131755,,
GCA_903873545.1,GCA_903873545.1,ncbi,CAIWGR01 sp903873545,Bacteria,Myxococcota,Bradymonadia,REDH01,REDH01,CAIWGR01,sp903873545,,
GCA_903897935.1,GCA_903897935.1,ncbi,CAIUDO01 sp903897935,Bacteria,Myxococcota,UBA796,UBA796,GCA-2862545,CAIUDO01,sp903897935,,
GCA_003170275.1,GCA_003170275.1,ncbi,PALSA-1104 sp003170275,Bacteria,Myxococcota,Polyangia,Palsa-1104,Palsa-1104,PALSA-1104,sp003170275,,
GCF_003611675.1,GCF_003611675.1,ncbi,Corallococcus sp003611675,Bacteria,Myxococcota,Myxococcia,Myxococcales,Myxococcaceae,Corallococcus,sp003611675,,
GCA_009692425.1,GCA_009692425.1,ncbi,SHZF01 sp009692425,Bacteria,Myxococcota,UBA9042,UBA9042,UBA9042,SHZF01,sp009692425,,
GCA_003647065.1,GCA_003647065.1,ncbi,B10-G4 sp003647065,Bacteria,Myxococcota,Polyangia,Polyangiales,SG8-38,B10-G4,sp003647065,,
GCA_012840965.1,GCA_012840965.1,ncbi,DUVQ01 sp012840965,Bacteria,Myxococcota,UBA9042,DTJE01,DTJE01,DUVQ01,sp012840965,,
GCF_000017505.1,GCF_000017505.1,ncbi,Anaeromyxobacter sp000017505,Bacteria,Myxococcota,Myxococcia,Myxococcales,Anaeromyxobacteraceae,Anaeromyxobacter,sp000017505,,
GCA_903828805.1,GCA_903828805.1,ncbi,Sandaracinus sp903828805,Bacteria,Myxococcota,Polyangia,Polyangiales,Sandaracinaceae,Sandaracinus,sp903828805,,
GCF_005144585.1,GCF_005144585.1,ncbi,Polyangium fumosum,Bacteria,Myxococcota,Polyangia,Polyangiales,Polyangiaceae,Polyangium,fumosum,,
GCA_005776735.1,GCA_005776735.1,ncbi,SXON01 sp005776735,Bacteria,Myxococcota,UBA796,UBA796,SXON01,SXON01,sp005776735,,
GCF_007997015.1,GCF_007997015.1,ncbi,Lujinxingia sp007997015,Bacteria,Myxococcota,Bradymonadia,Bradymonadales,Bradymonadaceae,Lujinxingia,sp007997015,,
GCA_002841825.1,GCA_002841825.1,ncbi,HGW-17 sp002841825,Bacteria,Myxococcota,Polyangia,HGW-17,HGW-17,HGW-17,sp002841825,,
GCA_003153875.1,GCA_003153875.1,ncbi,Fen-1137 sp003153875,Bacteria,Myxococcota,Polyangia,Palsa-1104,Fen-1088,Fen-1137,sp003153875,,
GCA_007119175.1,GCA_007119175.1,ncbi,SLJM01 sp007119175,Bacteria,Myxococcota,Bradymonadia,Bradymonadales,Bradymonadaceae,SLJM01,sp007119175,,
GCF_000331735.1,GCF_000331735.1,ncbi,Myxococcus stipitatus,Bacteria,Myxococcota,Myxococcia,Myxococcales,Myxococcaceae,Myxococcus,stipitatus,,
GCA_007135085.1,GCA_007135085.1,ncbi,SLJM01 sp007135085,Bacteria,Myxococcota,Bradymonadia,Bradymonadales,Bradymonadaceae,SLJM01,sp007135085,,
GCA_013697635.1,GCA_013697635.1,ncbi,JACCWM01 sp013697635,Bacteria,Myxococcota,Bradymonadia,Bradymonadales,Bradymonadaceae,JACCWM01,sp013697635,,
GCF_900111745.1,GCF_900111745.1,ncbi,Stigmatella erecta,Bacteria,Myxococcota,Myxococcia,Myxococcales,Myxococcaceae,Stigmatella,erecta,,
GCF_002950945.1,GCF_002950945.1,ncbi,Sorangium cellulosum_E,Bacteria,Myxococcota,Polyangia,Polyangiales,Polyangiaceae,Sorangium,cellulosum_E,,
GCA_002716585.1,GCA_002716585.1,ncbi,GCA-2716585 sp002716585,Bacteria,Myxococcota,Bradymonadia,Bradymonadales,GCA-2716585,GCA-2716585,sp002716585,,
GCA_007128675.1,GCA_007128675.1,ncbi,SKWY01 sp007128675,Bacteria,Myxococcota,Myxococcia,SLRQ01,SLRQ01,SKWY01,sp007128675,,
GCF_000335475.2,GCF_000335475.2,ncbi,Cystobacter fuscus,Bacteria,Myxococcota,Myxococcia,Myxococcales,Myxococcaceae,Cystobacter,fuscus,,
GCA_005772945.1,GCA_005772945.1,ncbi,SXIE01 sp005772945,Bacteria,Myxococcota,UBA9042,PHBI01,PHBI01,SXIE01,sp005772945,,
GCA_903923815.1,GCA_903923815.1,ncbi,CAIXZC01 sp903923815,Bacteria,Myxococcota,UBA9042,CAIXZC01,CAIXZC01,CAIXZC01,sp903923815,,
GCA_002343455.1,GCA_002343455.1,ncbi,UBA2385 sp002343455,Bacteria,Myxococcota,UBA796,UBA796,UBA796,UBA2385,sp002343455,,
GCF_000013385.1,GCF_000013385.1,ncbi,Anaeromyxobacter dehalogenans_B,Bacteria,Myxococcota,Myxococcia,Myxococcales,Anaeromyxobacteraceae,Anaeromyxobacter,dehalogenans_B,,
GCA_002729515.1,GCA_002729515.1,ncbi,GCA-2729515 sp002729515,Bacteria,Myxococcota,UBA9160,UBA9160,SMWR01,GCA-2729515,sp002729515,,
GCA_903858055.1,GCA_903858055.1,ncbi,CAIQDA01 sp903858055,Bacteria,Myxococcota,Polyangia,Polyangiales,Polyangiaceae,CAIQDA01,sp903858055,,
GCF_012933655.1,GCF_012933655.1,ncbi,Myxococcus fallax,Bacteria,Myxococcota,Myxococcia,Myxococcales,Myxococcaceae,Myxococcus,fallax,,
GCF_002994615.1,GCF_002994615.1,ncbi,Enhygromyxa salina_A,Bacteria,Myxococcota,Polyangia,Nannocystales,Nannocystaceae,Enhygromyxa,salina_A,,
GCA_902826865.1,GCA_902826865.1,ncbi,Ga0077550 sp902826865,Bacteria,Myxococcota,Polyangia,Nannocystales,Nannocystaceae,Ga0077550,sp902826865,,
GCA_012959665.1,GCA_012959665.1,ncbi,JAZXM01 sp012959665,Bacteria,Myxococcota,UBA9160,UBA9160,UBA4427,JAZXM01,sp012959665,,
GCA_012798435.1,GCA_012798435.1,ncbi,JAAZNF01 sp012798435,Bacteria,Myxococcota,B64-G9,B64-G9,B64-G9,JAAZNF01,sp012798435,,
GCA_009781495.1,GCA_009781495.1,ncbi,WRKR01 sp009781495,Bacteria,Myxococcota,Myxococcia,Myxococcales,Myxococcaceae,WRKR01,sp009781495,,
GCA_003598065.1,GCA_003598065.1,ncbi,SURF-8 sp003598065,Bacteria,Myxococcota,SURF-8,SURF-8,SURF-8,SURF-8,sp003598065,,
GCF_003611695.1,GCF_003611695.1,ncbi,Corallococcus carmarthensis,Bacteria,Myxococcota,Myxococcia,Myxococcales,Myxococcaceae,Corallococcus,carmarthensis,,
GCA_003696955.1,GCA_003696955.1,ncbi,J032 sp003696955,Bacteria,Myxococcota,Polyangia,Nannocystales,Nannocystaceae,J032,sp003696955,,
GCA_003161835.1,GCA_003161835.1,ncbi,FEN-1088 sp003161835,Bacteria,Myxococcota,Polyangia,Palsa-1104,Fen-1088,FEN-1088,sp003161835,,
GCA_903847385.1,GCA_903847385.1,ncbi,CAINDO01 sp903847385,Bacteria,Myxococcota,Bradymonadia,UBA7976,UBA1532,CAINDO01,sp903847385,,
GCA_002722845.1,GCA_002722845.1,ncbi,UBA4151 sp002722845,Bacteria,Myxococcota,UBA727,UBA4151,UBA4151,UBA4151,sp002722845,,
GCA_009786045.1,GCA_009786045.1,ncbi,WQTY01 sp009786045,Bacteria,Myxococcota,Bradymonadia,UBA4248,UBA4248,WQTY01,sp009786045,,
GCA_013812955.1,GCA_013812955.1,ncbi,Nannocystis sp013812955,Bacteria,Myxococcota,Polyangia,Nannocystales,Nannocystaceae,Nannocystis,sp013812955,,
GCA_001768075.1,GCA_001768075.1,ncbi,R267 sp001768075,Bacteria,Myxococcota,Myxococcia,Myxococcales,Anaeromyxobacteraceae,R267,sp001768075,,
GCA_903919145.1,GCA_903919145.1,ncbi,SXRM01 sp903919145,Bacteria,Myxococcota,UBA9042,UBA9042,UBA9042,SXRM01,sp903919145,,
GCA_012959865.1,GCA_012959865.1,ncbi,JAZXM01 sp012959865,Bacteria,Myxococcota,UBA9160,UBA9160,UBA4427,JAZXM01,sp012959865,,
GCA_903911905.1,GCA_903911905.1,ncbi,FEN-1143 sp903911905,Bacteria,Myxococcota,Myxococcia,Myxococcales,Myxococcaceae,FEN-1143,sp903911905,,
GCA_003159055.1,GCA_003159055.1,ncbi,Fen-1118 sp003159055,Bacteria,Myxococcota,Polyangia,Palsa-1104,Fen-1088,Fen-1118,sp003159055,,
GCA_002070115.1,GCA_002070115.1,ncbi,MWCO01 sp002070115,Bacteria,Myxococcota,Polyangia,Polyangiales,Polyangiaceae,MWCO01,sp002070115,,
GCA_012522445.1,GCA_012522445.1,ncbi,JAAYKL01 sp012522445,Bacteria,Myxococcota,Polyangia,JAAYKL01,JAAYKL01,JAAYKL01,sp012522445,,
GCA_006226595.1,GCA_006226595.1,ncbi,M1803 sp006226595,Bacteria,Myxococcota,UBA796,UBA796,GCA-2862545,M1803,sp006226595,,
GCF_000737335.2,GCF_000737335.2,ncbi,Enhygromyxa salina_C,Bacteria,Myxococcota,Polyangia,Nannocystales,Nannocystaceae,Enhygromyxa,salina_C,,
GCA_004356735.1,GCA_004356735.1,ncbi,SMWR01 sp004356735,Bacteria,Myxococcota,UBA9160,UBA9160,SMWR01,SMWR01,sp004356735,,
GCA_011051925.1,GCA_011051925.1,ncbi,UBA4427 sp011051925,Bacteria,Myxococcota,UBA9160,UBA9160,UBA4427,UBA4427,sp011051925,,
GCA_016704525.1,GCA_016704525.1,ncbi,,Bacteria,Myxococcota,Polyangia,Polyangiales,Polyangiaceae,,,,
GCA_016704445.1,GCA_016704445.1,ncbi,,Bacteria,Myxococcota,Polyangia,Polyangiales,Ga0077539,,,,
GCA_016704335.1,GCA_016704335.1,ncbi,,Bacteria,Myxococcota,Polyangia,Polyangiales,Polyangiaceae,,,,
GCA_016704065.1,GCA_016704065.1,ncbi,,Bacteria,Myxococcota,Polyangia,Polyangiales,SG8-38,,,,
GCA_016703535.1,GCA_016703535.1,ncbi,,Bacteria,Myxococcota,UBA727,,,,,,
GCA_016703425.1,GCA_016703425.1,ncbi,,Bacteria,Myxococcota,Polyangia,Polyangiales,Polyangiaceae,,,,
GCA_016702865.1,GCA_016702865.1,ncbi,,Bacteria,Myxococcota,Polyangia,Polyangiales,SG8-38,,,,
GCA_016702545.1,GCA_016702545.1,ncbi,,Bacteria,Myxococcota,Polyangia,GCA-2747355,GCA-2747355,,,,
GCA_016709225.1,GCA_016709225.1,ncbi,,Bacteria,Myxococcota,Polyangia,Nannocystales,Nannocystaceae,Ga0077550,,,
GCA_016708565.1,GCA_016708565.1,ncbi,,Bacteria,Myxococcota,Polyangia,Haliangiales,Haliangiaceae,UBA2376,,,
GCA_016708475.1,GCA_016708475.1,ncbi,,Bacteria,Myxococcota,Polyangia,Polyangiales,Ga0077539,,,,
GCA_016708135.1,GCA_016708135.1,ncbi,,Bacteria,Myxococcota,Polyangia,Polyangiales,SG8-38,,,,
GCA_016707895.1,GCA_016707895.1,ncbi,,Bacteria,Myxococcota,Polyangia,Haliangiales,Haliangiaceae,UBA2376,,,
GCA_016706815.1,GCA_016706815.1,ncbi,,Bacteria,Myxococcota,UBA796,UBA796,,,,,
GCA_016706685.1,GCA_016706685.1,ncbi,,Bacteria,Myxococcota,Polyangia,Polyangiales,SG8-38,,,,
GCA_016706545.1,GCA_016706545.1,ncbi,,Bacteria,Myxococcota,Polyangia,Haliangiales,Haliangiaceae,,,,
GCA_016706225.1,GCA_016706225.1,ncbi,,Bacteria,Myxococcota,Polyangia,Polyangiales,Polyangiaceae,,,,
GCA_016709545.1,GCA_016709545.1,ncbi,,Bacteria,Myxococcota,Polyangia,Polyangiales,,,,,
GCA_016714285.1,GCA_016714285.1,ncbi,,Bacteria,Myxococcota,Polyangia,Nannocystales,Nannocystaceae,Nannocystis,,,
GCA_016714225.1,GCA_016714225.1,ncbi,,Bacteria,Myxococcota,Myxococcia,Myxococcales,Myxococcaceae,,,,
GCA_016699535.1,GCA_016699535.1,ncbi,,Bacteria,Myxococcota,Polyangia,Polyangiales,,,,,
GCA_016713665.1,GCA_016713665.1,ncbi,,Bacteria,Myxococcota,UBA9160,UBA9160,UBA4427,,,,
GCA_016713425.1,GCA_016713425.1,ncbi,,Bacteria,Myxococcota,UBA727,,,,,,
GCA_016712745.1,GCA_016712745.1,ncbi,,Bacteria,Myxococcota,Polyangia,Polyangiales,Sandaracinaceae,,,,
GCA_016712525.1,GCA_016712525.1,ncbi,,Bacteria,Myxococcota,Polyangia,Polyangiales,Polyangiaceae,,,,
GCA_016712475.1,GCA_016712475.1,ncbi,,Bacteria,Myxococcota,Polyangia,Nannocystales,Nannocystaceae,Ga0077550,,,
GCA_016712315.1,GCA_016712315.1,ncbi,,Bacteria,Myxococcota,Polyangia,Nannocystales,Nannocystaceae,Nannocystis,,,
GCA_016712345.1,GCA_016712345.1,ncbi,,Bacteria,Myxococcota,Polyangia,Polyangiales,Polyangiaceae,,,,
GCA_016711615.1,GCA_016711615.1,ncbi,,Bacteria,Myxococcota,Polyangia,Polyangiales,SG8-38,,,,
GCA_016711215.1,GCA_016711215.1,ncbi,,Bacteria,Myxococcota,Polyangia,GCA-2747355,GCA-2747355,,,,
GCA_016717005.1,GCA_016717005.1,ncbi,,Bacteria,Myxococcota,Polyangia,Haliangiales,Haliangiaceae,UBA2376,,,
GCA_016716835.1,GCA_016716835.1,ncbi,,Bacteria,Myxococcota,Polyangia,Haliangiales,Haliangiaceae,,,,
GCA_016716175.1,GCA_016716175.1,ncbi,,Bacteria,Myxococcota,Polyangia,Polyangiales,Polyangiaceae,,,,
GCA_016715885.1,GCA_016715885.1,ncbi,,Bacteria,Myxococcota,Polyangia,Polyangiales,Polyangiaceae,,,,
GCA_016719945.1,GCA_016719945.1,ncbi,,Bacteria,Myxococcota,Polyangia,Polyangiales,Polyangiaceae,,,,
GCA_016719515.1,GCA_016719515.1,ncbi,,Bacteria,Myxococcota,UBA796,UBA796,,,,,
GCA_016715675.1,GCA_016715675.1,ncbi,,Bacteria,Myxococcota,Polyangia,Polyangiales,Ga0077539,,,,
GCA_016715415.1,GCA_016715415.1,ncbi,,Bacteria,Myxococcota,Polyangia,Nannocystales,Nannocystaceae,Ga0077550,,,
GCA_016714965.1,GCA_016714965.1,ncbi,,Bacteria,Myxococcota,Polyangia,Polyangiales,SG8-38,,,,
GCA_016718565.1,GCA_016718565.1,ncbi,,Bacteria,Myxococcota,Myxococcia,Myxococcales,Anaeromyxobacteraceae,Anaeromyxobacter,,,
GCA_016717595.1,GCA_016717595.1,ncbi,,Bacteria,Myxococcota,UBA796,UBA796,,,,,
GCA_016717175.1,GCA_016717175.1,ncbi,,Bacteria,Myxococcota,Polyangia,Nannocystales,Nannocystaceae,Nannocystis,,,
GCA_016720595.1,GCA_016720595.1,ncbi,,Bacteria,Myxococcota,Polyangia,Haliangiales,Haliangiaceae,,,,
GCA_016720545.1,GCA_016720545.1,ncbi,,Bacteria,Myxococcota,Polyangia,Polyangiales,Polyangiaceae,,,,
GCA_016720265.1,GCA_016720265.1,ncbi,,Bacteria,Myxococcota,Myxococcia,Myxococcales,Anaeromyxobacteraceae,Anaeromyxobacter,,,
