Bin Id	Marker lineage	# genomes	# markers	# marker sets	0	1	2	3	4	5+	Completeness	Contamination	Strain heterogeneity
bin3c.100.contigs	o__Clostridiales (UID1212)	172	263	149	11	250	2	0	0	0	95.70	0.81	0.00
bin3c.101.contigs	o__Clostridiales (UID1212)	172	257	149	6	214	36	1	0	0	96.81	15.77	0.00
bin3c.10119.contigs	o__Clostridiales (UID1212)	172	263	149	214	49	0	0	0	0	4.70	0.00	0.00
bin3c.102.contigs	o__Bacteroidales (UID2657)	160	492	269	20	445	27	0	0	0	94.63	4.51	77.78
bin3c.103.contigs	c__Clostridia (UID1118)	387	223	124	2	219	2	0	0	0	98.39	1.08	0.00
bin3c.10369.contigs	k__Bacteria (UID2329)	174	149	89	66	83	0	0	0	0	39.33	0.00	0.00
bin3c.104.contigs	o__Clostridiales (UID1226)	155	278	158	7	269	2	0	0	0	97.78	0.95	0.00
bin3c.105.contigs	o__Clostridiales (UID1212)	172	263	149	2	260	1	0	0	0	99.11	0.67	0.00
bin3c.10610.contigs	k__Bacteria (UID2329)	174	149	89	1	147	1	0	0	0	98.88	0.16	0.00
bin3c.107.contigs	f__Lachnospiraceae (UID1256)	33	333	171	29	290	14	0	0	0	89.67	4.13	28.57
bin3c.108.contigs	o__Clostridiales (UID1212)	172	263	149	9	252	2	0	0	0	94.63	1.34	0.00
bin3c.109.contigs	o__Clostridiales (UID1212)	172	263	149	6	253	4	0	0	0	96.76	1.79	0.00
bin3c.110.contigs	o__Clostridiales (UID1212)	172	263	149	4	233	25	1	0	0	98.43	13.09	35.71
bin3c.111.contigs	k__Bacteria (UID2372)	131	176	105	3	170	3	0	0	0	97.62	2.22	0.00
bin3c.113.contigs	c__Clostridia (UID1118)	387	223	124	1	220	2	0	0	0	99.19	1.08	50.00
bin3c.114.contigs	o__Clostridiales (UID1212)	172	263	149	2	239	22	0	0	0	99.11	11.52	0.00
bin3c.115.contigs	o__Clostridiales (UID1212)	172	263	149	5	252	6	0	0	0	97.32	4.03	0.00
bin3c.117.contigs	k__Bacteria (UID203)	5449	104	58	2	64	37	1	0	0	96.55	45.22	77.50
bin3c.118.contigs	o__Clostridiales (UID1212)	172	263	149	5	233	24	1	0	0	97.32	14.77	22.22
bin3c.119.contigs	o__Clostridiales (UID1212)	172	263	149	4	255	4	0	0	0	98.27	2.18	0.00
bin3c.120.contigs	o__Bacteroidales (UID2716)	92	487	270	2	471	13	0	1	0	99.26	2.84	63.16
bin3c.12009.contigs	o__Bacteroidales (UID2617)	213	406	265	348	58	0	0	0	0	7.90	0.00	0.00
bin3c.121.contigs	o__Clostridiales (UID1226)	155	278	158	1	265	12	0	0	0	99.79	6.38	41.67
bin3c.122.contigs	o__Clostridiales (UID1212)	172	263	149	16	245	1	1	0	0	92.84	2.01	0.00
bin3c.123.contigs	c__Clostridia (UID1118)	387	223	124	5	215	3	0	0	0	96.37	2.02	0.00
bin3c.124.contigs	o__Clostridiales (UID1212)	172	263	149	1	261	1	0	0	0	99.33	0.67	0.00
bin3c.12481.contigs	o__Bacteroidales (UID2657)	160	492	269	458	34	0	0	0	0	0.76	0.00	0.00
bin3c.125.contigs	o__Clostridiales (UID1212)	172	263	149	4	258	0	1	0	0	97.99	1.34	0.00
bin3c.126.contigs	f__Lachnospiraceae (UID1286)	57	420	207	5	406	9	0	0	0	98.19	3.02	0.00
bin3c.127.contigs	o__Bacteroidales (UID2657)	160	492	269	47	443	2	0	0	0	89.34	0.23	0.00
bin3c.128.contigs	o__Bacteroidales (UID2657)	160	492	269	30	451	11	0	0	0	96.24	2.35	0.00
bin3c.129.contigs	o__Clostridiales (UID1212)	172	261	147	1	240	20	0	0	0	99.32	10.20	100.00
bin3c.13.contigs	root (UID1)	5656	56	24	0	0	56	0	0	0	100.00	100.00	1.79
bin3c.130.contigs	o__Clostridiales (UID1212)	172	263	149	8	219	36	0	0	0	96.60	11.99	0.00
bin3c.131.contigs	p__Bacteroidetes (UID2605)	350	316	210	13	250	53	0	0	0	94.67	19.27	98.11
bin3c.133.contigs	g__Prevotella (UID2724)	55	567	296	6	553	8	0	0	0	98.31	2.20	0.00
bin3c.13354.contigs	f__Lachnospiraceae (UID1255)	90	354	174	317	37	0	0	0	0	1.72	0.00	0.00
bin3c.134.contigs	o__Clostridiales (UID1212)	172	263	149	6	246	10	1	0	0	96.64	7.21	92.31
bin3c.135.contigs	o__Clostridiales (UID1212)	172	263	149	6	257	0	0	0	0	96.98	0.00	0.00
bin3c.136.contigs	o__Clostridiales (UID1212)	172	263	149	4	250	9	0	0	0	97.76	4.19	33.33
bin3c.137.contigs	o__Clostridiales (UID1212)	172	263	149	13	226	24	0	0	0	93.29	10.74	0.00
bin3c.138.contigs	o__Clostridiales (UID1226)	155	278	158	80	195	3	0	0	0	66.44	1.27	0.00
bin3c.13827.contigs	o__Bacteroidales (UID2617)	213	406	265	309	97	0	0	0	0	16.79	0.00	0.00
bin3c.139.contigs	k__Bacteria (UID2569)	434	278	186	34	244	0	0	0	0	83.87	0.00	0.00
bin3c.14.contigs	k__Bacteria (UID203)	5449	103	57	3	52	41	6	1	0	94.74	64.91	98.46
bin3c.140.contigs	o__Clostridiales (UID1212)	172	263	149	1	260	2	0	0	0	99.33	0.67	0.00
bin3c.141.contigs	k__Bacteria (UID2982)	88	230	148	12	214	4	0	0	0	92.57	1.35	0.00
bin3c.142.contigs	o__Clostridiales (UID1226)	155	278	158	6	269	3	0	0	0	97.55	1.90	66.67
bin3c.143.contigs	o__Clostridiales (UID1212)	172	263	149	11	251	1	0	0	0	94.91	0.67	0.00
bin3c.144.contigs	k__Bacteria (UID203)	5449	104	58	1	38	64	0	1	0	98.28	49.66	7.14
bin3c.145.contigs	f__Bacillaceae (UID829)	128	561	183	8	542	11	0	0	0	97.36	2.78	9.09
bin3c.146.contigs	c__Clostridia (UID1118)	387	223	124	2	217	4	0	0	0	98.79	2.69	0.00
bin3c.14656.contigs	o__Clostridiales (UID1212)	172	263	149	79	184	0	0	0	0	61.74	0.00	0.00
bin3c.14683.contigs	o__Clostridiales (UID1212)	172	263	149	215	48	0	0	0	0	6.71	0.00	0.00
bin3c.147.contigs	o__Clostridiales (UID1212)	172	263	149	1	252	9	1	0	0	99.33	5.41	33.33
bin3c.148.contigs	c__Clostridia (UID1118)	387	223	124	5	214	4	0	0	0	96.77	2.69	0.00
bin3c.149.contigs	c__Clostridia (UID1118)	387	223	124	21	197	5	0	0	0	87.50	3.09	0.00
bin3c.150.contigs	o__Clostridiales (UID1212)	172	263	149	28	233	2	0	0	0	88.37	1.34	0.00
bin3c.151.contigs	f__Lachnospiraceae (UID1256)	33	333	171	3	330	0	0	0	0	98.25	0.00	0.00
bin3c.15104.contigs	o__Clostridiales (UID1212)	172	263	149	175	88	0	0	0	0	24.12	0.00	0.00
bin3c.152.contigs	c__Clostridia (UID1118)	387	223	124	5	217	1	0	0	0	96.37	0.81	0.00
bin3c.15268.contigs	o__Clostridiales (UID1212)	172	257	149	202	55	0	0	0	0	11.74	0.00	0.00
bin3c.153.contigs	c__Clostridia (UID1118)	387	223	124	2	220	1	0	0	0	98.39	0.81	0.00
bin3c.154.contigs	c__Clostridia (UID1118)	387	223	124	25	197	1	0	0	0	83.20	0.81	100.00
bin3c.155.contigs	o__Bacteroidales (UID2657)	160	492	269	9	469	14	0	0	0	97.37	3.76	85.71
bin3c.156.contigs	p__Bacteroidetes (UID2605)	350	314	208	2	312	0	0	0	0	99.04	0.00	0.00
bin3c.157.contigs	o__Bacteroidales (UID2617)	213	406	265	3	397	6	0	0	0	99.31	1.89	50.00
bin3c.158.contigs	o__Clostridiales (UID1212)	172	263	149	10	251	2	0	0	0	95.50	0.69	0.00
bin3c.15818.contigs	o__Clostridiales (UID1212)	172	263	149	225	38	0	0	0	0	3.56	0.00	0.00
bin3c.15840.contigs	k__Bacteria (UID2329)	174	149	89	13	134	2	0	0	0	87.64	1.69	0.00
bin3c.15877.contigs	o__Clostridiales (UID1212)	172	263	149	229	34	0	0	0	0	1.34	0.00	0.00
bin3c.159.contigs	p__Bacteroidetes (UID2605)	350	316	210	6	306	3	1	0	0	97.38	1.90	0.00
bin3c.16.contigs	k__Bacteria (UID2982)	88	230	148	11	208	10	0	1	0	93.89	5.86	25.00
bin3c.160.contigs	c__Deltaproteobacteria (UID3218)	61	284	169	3	269	12	0	0	0	98.52	5.92	91.67
bin3c.161.contigs	o__Clostridiales (UID1212)	172	257	149	11	234	12	0	0	0	94.63	5.70	75.00
bin3c.162.contigs	k__Bacteria (UID203)	5449	104	58	8	69	23	3	0	1	87.93	26.80	78.57
bin3c.16253.contigs	o__Clostridiales (UID1212)	172	263	149	222	41	0	0	0	0	4.70	0.00	0.00
bin3c.163.contigs	o__Clostridiales (UID1226)	155	278	158	4	274	0	0	0	0	97.47	0.00	0.00
bin3c.164.contigs	o__Clostridiales (UID1212)	172	263	149	18	243	2	0	0	0	90.27	1.34	0.00
bin3c.165.contigs	k__Bacteria (UID203)	5449	104	58	0	77	27	0	0	0	100.00	18.97	81.48
bin3c.166.contigs	o__Clostridiales (UID1212)	172	263	149	4	183	73	3	0	0	97.32	38.79	1.22
bin3c.167.contigs	c__Clostridia (UID1118)	387	223	124	4	214	5	0	0	0	97.18	2.96	40.00
bin3c.169.contigs	f__Lachnospiraceae (UID1256)	33	333	171	4	318	11	0	0	0	98.51	4.63	36.36
bin3c.17.contigs	o__Bacteroidales (UID2654)	163	486	266	2	483	1	0	0	0	99.25	0.38	0.00
bin3c.170.contigs	o__Clostridiales (UID1212)	172	263	149	13	247	2	1	0	0	94.18	2.68	20.00
bin3c.171.contigs	f__Lachnospiraceae (UID1255)	90	354	174	1	339	13	0	1	0	99.43	6.61	63.16
bin3c.172.contigs	o__Clostridiales (UID1212)	172	263	149	23	240	0	0	0	0	94.57	0.00	0.00
bin3c.173.contigs	o__Clostridiales (UID1212)	172	263	149	1	257	5	0	0	0	99.33	2.68	60.00
bin3c.174.contigs	k__Bacteria (UID2982)	88	229	147	11	198	20	0	0	0	93.20	9.48	95.00
bin3c.175.contigs	k__Bacteria (UID2372)	131	177	106	2	168	6	1	0	0	98.11	7.08	44.44
bin3c.17539.contigs	o__Clostridiales (UID1212)	172	263	149	221	42	0	0	0	0	7.08	0.00	0.00
bin3c.176.contigs	o__Clostridiales (UID1212)	172	263	149	1	260	2	0	0	0	99.33	1.34	0.00
bin3c.17602.contigs	k__Bacteria (UID2329)	174	149	89	8	137	4	0	0	0	93.15	3.93	0.00
bin3c.177.contigs	root (UID1)	5656	56	24	0	0	56	0	0	0	100.00	100.00	78.57
bin3c.178.contigs	k__Bacteria (UID2982)	88	230	148	38	191	1	0	0	0	79.02	0.23	0.00
bin3c.179.contigs	o__Clostridiales (UID1226)	155	278	158	1	271	6	0	0	0	99.37	2.53	50.00
bin3c.180.contigs	o__Clostridiales (UID1212)	172	263	149	4	257	2	0	0	0	97.76	1.34	0.00
bin3c.181.contigs	o__Clostridiales (UID1212)	172	263	149	10	250	3	0	0	0	96.08	1.34	100.00
bin3c.182.contigs	o__Clostridiales (UID1212)	172	263	149	1	249	13	0	0	0	99.33	4.70	0.00
bin3c.183.contigs	o__Clostridiales (UID1212)	172	263	149	6	253	4	0	0	0	96.64	2.68	0.00
bin3c.18331.contigs	c__Clostridia (UID1118)	387	223	124	15	208	0	0	0	0	91.73	0.00	0.00
bin3c.184.contigs	k__Bacteria (UID2982)	88	229	147	12	215	2	0	0	0	92.52	1.36	100.00
bin3c.185.contigs	o__Clostridiales (UID1212)	172	263	149	5	255	3	0	0	0	97.87	2.01	0.00
bin3c.186.contigs	p__Bacteroidetes (UID2605)	350	316	210	78	168	63	5	2	0	71.98	28.70	20.00
bin3c.187.contigs	o__Clostridiales (UID1212)	172	263	149	2	256	5	0	0	0	98.99	2.46	40.00
bin3c.188.contigs	o__Clostridiales (UID1212)	172	263	149	8	248	7	0	0	0	95.86	3.36	0.00
bin3c.1882.contigs	p__Firmicutes (UID240)	1318	179	104	148	31	0	0	0	0	4.74	0.00	0.00
bin3c.189.contigs	o__Clostridiales (UID1212)	172	263	149	2	251	10	0	0	0	98.66	1.90	0.00
bin3c.18945.contigs	f__Lachnospiraceae (UID1255)	90	354	174	318	36	0	0	0	0	1.15	0.00	0.00
bin3c.18970.contigs	c__Clostridia (UID1118)	387	223	124	163	60	0	0	0	0	12.84	0.00	0.00
bin3c.190.contigs	p__Bacteroidetes (UID2605)	350	314	208	25	248	12	29	0	0	90.87	26.52	94.95
bin3c.191.contigs	o__Clostridiales (UID1212)	172	263	149	2	247	14	0	0	0	99.11	2.24	78.57
bin3c.19278.contigs	o__Clostridiales (UID1212)	172	263	149	166	97	0	0	0	0	29.47	0.00	0.00
bin3c.193.contigs	o__Clostridiales (UID1212)	172	263	149	4	258	1	0	0	0	97.32	0.22	0.00
bin3c.194.contigs	o__Clostridiales (UID1212)	172	257	149	14	243	0	0	0	0	95.30	0.00	0.00
bin3c.19410.contigs	f__Lachnospiraceae (UID1286)	57	420	207	386	34	0	0	0	0	0.97	0.00	0.00
bin3c.19436.contigs	o__Clostridiales (UID1212)	172	263	149	173	90	0	0	0	0	24.65	0.00	0.00
bin3c.195.contigs	o__Clostridiales (UID1212)	172	263	149	8	230	25	0	0	0	94.97	12.42	84.00
bin3c.19505.contigs	f__Lachnospiraceae (UID1255)	90	354	174	316	38	0	0	0	0	2.30	0.00	0.00
bin3c.19524.contigs	o__Clostridiales (UID1212)	172	263	149	161	102	0	0	0	0	29.53	0.00	0.00
bin3c.196.contigs	o__Clostridiales (UID1212)	172	263	149	5	256	2	0	0	0	97.76	1.34	50.00
bin3c.197.contigs	o__Clostridiales (UID1212)	172	263	149	8	254	1	0	0	0	95.95	0.22	100.00
bin3c.198.contigs	o__Clostridiales (UID1212)	172	263	149	28	213	19	3	0	0	87.25	13.09	82.14
bin3c.199.contigs	o__Clostridiales (UID1212)	172	263	149	3	259	1	0	0	0	98.49	0.22	0.00
bin3c.20.contigs	k__Bacteria (UID2982)	88	230	148	15	206	8	1	0	0	91.18	5.10	27.27
bin3c.200.contigs	o__Clostridiales (UID1212)	172	263	149	54	194	15	0	0	0	79.47	7.05	93.33
bin3c.201.contigs	o__Clostridiales (UID1120)	304	247	141	13	231	3	0	0	0	93.12	0.83	66.67
bin3c.20126.contigs	c__Clostridia (UID1118)	387	223	124	13	209	1	0	0	0	92.74	0.40	0.00
bin3c.20150.contigs	o__Clostridiales (UID1212)	172	263	149	201	62	0	0	0	0	11.36	0.00	0.00
bin3c.202.contigs	c__Clostridia (UID1118)	387	223	124	1	211	11	0	0	0	99.19	6.34	63.64
bin3c.20241.contigs	o__Clostridiales (UID1212)	172	263	149	223	40	0	0	0	0	3.60	0.00	0.00
bin3c.20285.contigs	k__Bacteria (UID2495)	2993	143	89	5	138	0	0	0	0	95.44	0.00	0.00
bin3c.203.contigs	o__Clostridiales (UID1212)	172	263	149	6	229	27	1	0	0	96.64	9.53	76.67
bin3c.20314.contigs	k__Bacteria (UID2329)	174	149	89	14	134	1	0	0	0	85.39	0.56	0.00
bin3c.204.contigs	o__Clostridiales (UID1212)	172	263	149	20	242	1	0	0	0	90.72	0.67	0.00
bin3c.205.contigs	o__Clostridiales (UID1212)	172	263	149	5	252	6	0	0	0	96.64	3.02	83.33
bin3c.206.contigs	o__Clostridiales (UID1212)	172	263	149	69	153	40	1	0	0	71.31	19.75	0.00
bin3c.208.contigs	c__Clostridia (UID1118)	387	223	124	23	199	1	0	0	0	87.90	0.27	0.00
bin3c.209.contigs	o__Clostridiales (UID1212)	172	263	149	11	249	3	0	0	0	94.11	1.34	100.00
bin3c.210.contigs	o__Clostridiales (UID1212)	172	263	149	18	239	6	0	0	0	92.60	2.91	0.00
bin3c.21073.contigs	k__Bacteria (UID2329)	174	149	89	102	47	0	0	0	0	16.29	0.00	0.00
bin3c.211.contigs	c__Deltaproteobacteria (UID3218)	61	284	169	5	274	3	1	1	0	98.04	2.37	0.00
bin3c.212.contigs	o__Clostridiales (UID1212)	172	263	149	4	249	10	0	0	0	97.65	1.82	10.00
bin3c.213.contigs	o__Clostridiales (UID1212)	172	263	149	8	253	1	0	1	0	95.30	2.35	14.29
bin3c.214.contigs	o__Clostridiales (UID1212)	172	263	149	18	240	5	0	0	0	90.90	0.76	60.00
bin3c.215.contigs	o__Clostridiales (UID1212)	172	263	149	3	256	4	0	0	0	98.97	2.24	0.00
bin3c.216.contigs	c__Clostridia (UID1118)	387	223	124	6	213	3	1	0	0	96.51	3.49	0.00
bin3c.217.contigs	o__Bacteroidales (UID2617)	213	406	265	4	400	2	0	0	0	98.93	0.75	100.00
bin3c.218.contigs	o__Clostridiales (UID1212)	172	263	149	5	249	9	0	0	0	97.76	4.19	77.78
bin3c.21821.contigs	o__Clostridiales (UID1212)	172	263	149	44	214	4	1	0	0	78.79	2.91	0.00
bin3c.21828.contigs	o__Clostridiales (UID1212)	172	263	149	49	211	3	0	0	0	77.07	1.23	0.00
bin3c.21829.contigs	k__Bacteria (UID2329)	174	149	89	13	135	1	0	0	0	88.09	1.12	0.00
bin3c.219.contigs	o__Clostridiales (UID1212)	172	257	149	5	252	0	0	0	0	97.29	0.00	0.00
bin3c.22.contigs	k__Bacteria (UID2565)	2921	142	87	3	132	7	0	0	0	97.63	3.87	28.57
bin3c.22042.contigs	c__Clostridia (UID1118)	387	223	124	152	71	0	0	0	0	23.12	0.00	0.00
bin3c.221.contigs	p__Euryarchaeota (UID3)	148	188	125	9	178	1	0	0	0	94.27	0.80	0.00
bin3c.222.contigs	f__Lachnospiraceae (UID1286)	57	420	207	141	272	6	1	0	0	60.64	3.00	0.00
bin3c.22249.contigs	o__Clostridiales (UID1212)	172	263	149	197	66	0	0	0	0	11.81	0.00	0.00
bin3c.22272.contigs	k__Bacteria (UID2329)	174	149	89	29	120	0	0	0	0	74.04	0.00	0.00
bin3c.223.contigs	p__Proteobacteria (UID3887)	1487	255	158	0	255	0	0	0	0	100.00	0.00	0.00
bin3c.22331.contigs	k__Bacteria (UID2328)	3167	126	75	3	121	2	0	0	0	96.00	1.33	0.00
bin3c.224.contigs	k__Bacteria (UID2982)	88	230	148	14	206	8	2	0	0	91.89	6.42	0.00
bin3c.22487.contigs	o__Clostridiales (UID1226)	155	278	158	245	33	0	0	0	0	1.86	0.00	0.00
bin3c.225.contigs	k__Bacteria (UID2982)	88	229	147	12	212	5	0	0	0	92.52	2.72	60.00
bin3c.226.contigs	o__Bacteroidales (UID2617)	213	406	265	22	383	1	0	0	0	94.34	0.19	0.00
bin3c.227.contigs	o__Bacteroidales (UID2716)	92	486	270	69	406	11	0	0	0	85.63	1.94	90.91
bin3c.228.contigs	p__Bacteroidetes (UID2605)	350	314	208	3	283	28	0	0	0	98.56	10.10	96.43
bin3c.229.contigs	o__Clostridiales (UID1212)	172	263	149	14	244	5	0	0	0	93.71	1.61	0.00
bin3c.230.contigs	o__Clostridiales (UID1120)	304	250	143	101	147	2	0	0	0	50.63	1.40	0.00
bin3c.231.contigs	o__Clostridiales (UID1212)	172	263	149	21	233	9	0	0	0	90.02	4.16	55.56
bin3c.23163.contigs	o__Clostridiales (UID1212)	172	263	149	174	89	0	0	0	0	26.79	0.00	0.00
bin3c.232.contigs	o__Clostridiales (UID1212)	172	263	149	1	254	8	0	0	0	99.66	4.03	0.00
bin3c.233.contigs	o__Clostridiales (UID1226)	155	278	158	1	277	0	0	0	0	99.37	0.00	0.00
bin3c.235.contigs	o__Clostridiales (UID1212)	172	263	149	7	256	0	0	0	0	96.14	0.00	0.00
bin3c.236.contigs	c__Clostridia (UID1118)	387	223	124	2	220	1	0	0	0	98.39	0.27	0.00
bin3c.237.contigs	o__Clostridiales (UID1212)	172	263	149	1	262	0	0	0	0	99.33	0.00	0.00
bin3c.238.contigs	p__Bacteroidetes (UID2605)	350	316	210	39	262	15	0	0	0	84.29	5.00	93.33
bin3c.239.contigs	o__Clostridiales (UID1212)	172	257	149	6	251	0	0	0	0	96.98	0.00	0.00
bin3c.23950.contigs	o__Clostridiales (UID1212)	172	263	149	214	49	0	0	0	0	5.52	0.00	0.00
bin3c.23995.contigs	o__Clostridiales (UID1212)	172	263	149	221	42	0	0	0	0	4.36	0.00	0.00
bin3c.240.contigs	o__Clostridiales (UID1226)	155	278	158	47	231	0	0	0	0	82.54	0.00	0.00
bin3c.24095.contigs	f__Lachnospiraceae (UID1255)	90	354	174	276	78	0	0	0	0	11.15	0.00	0.00
bin3c.241.contigs	o__Clostridiales (UID1226)	155	278	158	1	277	0	0	0	0	99.37	0.00	0.00
bin3c.24117.contigs	o__Clostridiales (UID1212)	172	263	149	227	36	0	0	0	0	3.36	0.00	0.00
bin3c.242.contigs	p__Firmicutes (UID240)	1318	179	104	7	169	3	0	0	0	93.27	1.76	0.00
bin3c.244.contigs	o__Clostridiales (UID1212)	172	263	149	5	257	1	0	0	0	96.64	0.67	0.00
bin3c.245.contigs	o__Clostridiales (UID1120)	304	247	141	3	244	0	0	0	0	98.23	0.00	0.00
bin3c.246.contigs	o__Clostridiales (UID1212)	172	263	149	2	258	3	0	0	0	99.22	1.68	33.33
bin3c.24673.contigs	o__Clostridiales (UID1212)	172	263	149	216	47	0	0	0	0	6.71	0.00	0.00
bin3c.24720.contigs	o__Clostridiales (UID1212)	172	263	149	188	75	0	0	0	0	19.96	0.00	0.00
bin3c.248.contigs	c__Clostridia (UID1118)	387	223	124	70	151	2	0	0	0	65.59	1.08	0.00
bin3c.249.contigs	o__Clostridiales (UID1212)	172	263	149	7	253	3	0	0	0	95.97	0.89	0.00
bin3c.25.contigs	k__Bacteria (UID2982)	88	230	148	32	185	12	1	0	0	84.92	8.18	20.00
bin3c.250.contigs	o__Clostridiales (UID1212)	172	263	149	7	255	1	0	0	0	96.87	0.67	0.00
bin3c.251.contigs	o__Clostridiales (UID1212)	172	263	149	7	250	6	0	0	0	95.64	3.36	83.33
bin3c.252.contigs	o__Clostridiales (UID1212)	172	263	149	5	247	11	0	0	0	97.87	3.67	0.00
bin3c.253.contigs	k__Bacteria (UID203)	5449	104	58	11	78	15	0	0	0	89.50	2.35	100.00
bin3c.254.contigs	o__Clostridiales (UID1212)	172	263	149	10	250	3	0	0	0	94.41	2.01	33.33
bin3c.255.contigs	o__Clostridiales (UID1120)	304	250	143	8	217	25	0	0	0	95.66	12.59	92.00
bin3c.25589.contigs	c__Clostridia (UID1085)	35	420	196	324	96	0	0	0	0	19.43	0.00	0.00
bin3c.256.contigs	c__Clostridia (UID1118)	387	223	124	33	188	2	0	0	0	85.35	1.61	0.00
bin3c.257.contigs	o__Clostridiales (UID1212)	172	257	149	4	236	17	0	0	0	97.99	5.37	64.71
bin3c.259.contigs	o__Clostridiales (UID1120)	304	247	141	4	230	10	3	0	0	97.16	7.68	78.95
bin3c.25925.contigs	c__Clostridia (UID1118)	387	223	124	162	61	0	0	0	0	21.70	0.00	0.00
bin3c.26.contigs	k__Bacteria (UID2569)	434	278	186	13	259	6	0	0	0	94.78	2.69	66.67
bin3c.260.contigs	o__Clostridiales (UID1212)	172	263	149	13	246	4	0	0	0	94.44	2.68	0.00
bin3c.261.contigs	o__Clostridiales (UID1212)	172	263	149	28	139	95	0	1	0	89.99	48.21	17.82
bin3c.262.contigs	o__Clostridiales (UID1212)	172	263	149	19	242	2	0	0	0	91.37	1.34	0.00
bin3c.263.contigs	k__Bacteria (UID203)	5449	104	58	1	64	39	0	0	0	98.28	38.09	12.82
bin3c.264.contigs	o__Clostridiales (UID1212)	172	263	149	14	240	9	0	0	0	93.53	4.70	0.00
bin3c.265.contigs	o__Clostridiales (UID1212)	172	263	149	82	177	4	0	0	0	73.12	2.68	25.00
bin3c.26593.contigs	k__Bacteria (UID2328)	3167	126	75	75	51	0	0	0	0	25.33	0.00	0.00
bin3c.266.contigs	o__Clostridiales (UID1212)	172	263	149	19	241	3	0	0	0	95.85	1.34	0.00
bin3c.267.contigs	k__Bacteria (UID2982)	88	230	148	39	154	35	2	0	0	81.08	17.30	85.37
bin3c.268.contigs	o__Clostridiales (UID1212)	172	257	149	28	221	4	4	0	0	86.22	5.03	18.75
bin3c.269.contigs	o__Clostridiales (UID1212)	172	263	149	71	191	1	0	0	0	68.46	0.34	0.00
bin3c.27.contigs	k__Bacteria (UID2982)	88	230	148	28	179	20	3	0	0	88.03	13.07	62.07
bin3c.270.contigs	o__Clostridiales (UID1212)	172	263	149	9	251	2	1	0	0	94.30	1.68	0.00
bin3c.271.contigs	o__Clostridiales (UID1212)	172	263	149	4	255	4	0	0	0	97.65	2.68	0.00
bin3c.272.contigs	c__Clostridia (UID1118)	387	223	124	29	186	8	0	0	0	85.92	4.70	0.00
bin3c.27230.contigs	p__Firmicutes (UID240)	1318	179	104	94	85	0	0	0	0	38.56	0.00	0.00
bin3c.27244.contigs	c__Clostridia (UID1118)	387	223	124	187	36	0	0	0	0	3.49	0.00	0.00
bin3c.273.contigs	o__Clostridiales (UID1212)	172	263	149	6	254	3	0	0	0	97.29	1.57	0.00
bin3c.274.contigs	f__Lachnospiraceae (UID1255)	90	354	174	10	342	1	1	0	0	96.25	1.44	0.00
bin3c.275.contigs	o__Clostridiales (UID1212)	172	263	149	4	256	3	0	0	0	97.76	2.01	0.00
bin3c.276.contigs	o__Clostridiales (UID1212)	172	263	149	24	238	1	0	0	0	90.72	0.67	0.00
bin3c.277.contigs	o__Clostridiales (UID1212)	172	263	149	41	222	0	0	0	0	80.16	0.00	0.00
bin3c.278.contigs	o__Clostridiales (UID1212)	172	263	149	57	204	1	1	0	0	76.17	2.01	0.00
bin3c.279.contigs	o__Clostridiales (UID1212)	172	263	149	3	259	0	0	1	0	98.43	2.01	0.00
bin3c.280.contigs	o__Bacteroidales (UID2657)	160	492	269	10	482	0	0	0	0	97.09	0.00	0.00
bin3c.2808.contigs	o__Clostridiales (UID1212)	172	263	149	206	57	0	0	0	0	10.92	0.00	0.00
bin3c.281.contigs	o__Bacteroidales (UID2657)	160	492	269	42	445	5	0	0	0	89.92	1.00	20.00
bin3c.282.contigs	c__Clostridia (UID1118)	387	223	124	5	218	0	0	0	0	97.58	0.00	0.00
bin3c.28239.contigs	o__Clostridiales (UID1212)	172	263	149	221	42	0	0	0	0	5.12	0.00	0.00
bin3c.284.contigs	o__Clostridiales (UID1212)	172	263	149	20	242	1	0	0	0	90.90	0.67	0.00
bin3c.285.contigs	o__Clostridiales (UID1212)	172	263	149	8	223	30	1	0	1	95.75	21.48	0.00
bin3c.286.contigs	o__Clostridiales (UID1212)	172	263	149	16	230	16	1	0	0	90.94	7.05	94.74
bin3c.28750.contigs	o__Clostridiales (UID1212)	172	263	149	209	54	0	0	0	0	10.21	0.00	0.00
bin3c.288.contigs	o__Clostridiales (UID1120)	304	247	141	50	196	1	0	0	0	75.86	0.71	0.00
bin3c.2899.contigs	c__Clostridia (UID1085)	35	420	196	361	59	0	0	0	0	7.82	0.00	0.00
bin3c.290.contigs	p__Euryarchaeota (UID3)	148	188	125	26	145	16	1	0	0	83.27	4.80	84.21
bin3c.291.contigs	o__Bacteroidales (UID2617)	213	406	265	4	397	5	0	0	0	98.49	1.58	100.00
bin3c.292.contigs	o__Clostridiales (UID1212)	172	263	149	0	254	9	0	0	0	100.00	3.36	44.44
bin3c.293.contigs	o__Clostridiales (UID1212)	172	263	149	22	238	3	0	0	0	91.75	1.23	0.00
bin3c.294.contigs	o__Clostridiales (UID1212)	172	263	149	68	193	2	0	0	0	73.09	1.34	0.00
bin3c.295.contigs	o__Clostridiales (UID1212)	172	263	149	66	179	18	0	0	0	69.66	0.38	88.89
bin3c.29548.contigs	o__Clostridiales (UID1212)	172	263	149	215	48	0	0	0	0	6.58	0.00	0.00
bin3c.296.contigs	o__Clostridiales (UID1212)	172	263	149	1	259	3	0	0	0	99.33	1.48	0.00
bin3c.29643.contigs	o__Clostridiales (UID1212)	172	263	149	211	52	0	0	0	0	10.40	0.00	0.00
bin3c.29644.contigs	k__Bacteria (UID2329)	174	149	89	10	138	1	0	0	0	91.46	0.56	0.00
bin3c.297.contigs	o__Clostridiales (UID1212)	172	263	149	5	257	1	0	0	0	97.32	0.67	0.00
bin3c.298.contigs	k__Bacteria (UID2982)	88	230	148	32	198	0	0	0	0	82.40	0.00	0.00
bin3c.299.contigs	o__Clostridiales (UID1212)	172	263	149	4	255	4	0	0	0	97.32	1.34	0.00
bin3c.300.contigs	c__Clostridia (UID1085)	35	420	196	53	360	7	0	0	0	83.16	2.47	42.86
bin3c.30085.contigs	o__Bacteroidales (UID2657)	160	492	269	424	68	0	0	0	0	8.80	0.00	0.00
bin3c.301.contigs	o__Clostridiales (UID1212)	172	263	149	60	203	0	0	0	0	78.52	0.00	0.00
bin3c.302.contigs	c__Clostridia (UID1118)	387	223	124	7	213	3	0	0	0	95.56	1.61	0.00
bin3c.303.contigs	c__Clostridia (UID1118)	387	223	124	32	191	0	0	0	0	79.84	0.00	0.00
bin3c.304.contigs	c__Clostridia (UID1118)	387	223	124	34	183	6	0	0	0	76.67	2.08	83.33
bin3c.305.contigs	o__Bacteroidales (UID2617)	213	406	265	10	335	58	3	0	0	97.30	15.91	11.94
bin3c.306.contigs	c__Clostridia (UID1118)	387	223	124	15	206	2	0	0	0	91.91	0.88	0.00
bin3c.308.contigs	c__Deltaproteobacteria (UID3218)	61	284	169	4	267	13	0	0	0	97.63	2.76	76.92
bin3c.309.contigs	f__Lachnospiraceae (UID1256)	33	333	171	15	318	0	0	0	0	94.35	0.00	0.00
bin3c.31.contigs	p__Euryarchaeota (UID3)	148	188	125	2	156	30	0	0	0	98.40	20.40	90.00
bin3c.310.contigs	o__Clostridiales (UID1212)	172	263	149	22	238	3	0	0	0	90.49	2.01	0.00
bin3c.31187.contigs	o__Clostridiales (UID1212)	172	263	149	168	95	0	0	0	0	28.64	0.00	0.00
bin3c.312.contigs	o__Bacteroidales (UID2617)	213	406	265	13	387	6	0	0	0	96.23	1.89	83.33
bin3c.313.contigs	o__Clostridiales (UID1212)	172	263	149	113	148	2	0	0	0	55.91	1.34	0.00
bin3c.314.contigs	o__Clostridiales (UID1212)	172	263	149	2	259	2	0	0	0	99.11	1.34	50.00
bin3c.315.contigs	o__Clostridiales (UID1212)	172	263	149	17	245	1	0	0	0	92.78	0.67	0.00
bin3c.316.contigs	o__Clostridiales (UID1212)	172	263	149	27	231	5	0	0	0	86.19	2.35	0.00
bin3c.31631.contigs	o__Clostridiales (UID1212)	172	263	149	213	50	0	0	0	0	11.16	0.00	0.00
bin3c.31673.contigs	p__Firmicutes (UID240)	1318	179	104	140	39	0	0	0	0	3.41	0.00	0.00
bin3c.317.contigs	o__Clostridiales (UID1212)	172	263	149	12	216	35	0	0	0	93.96	13.42	91.43
bin3c.318.contigs	o__Clostridiales (UID1212)	172	263	149	7	254	2	0	0	0	97.09	1.34	50.00
bin3c.319.contigs	o__Clostridiales (UID1212)	172	263	149	4	255	4	0	0	0	97.32	2.35	0.00
bin3c.320.contigs	o__Clostridiales (UID1212)	172	257	149	3	250	4	0	0	0	97.99	2.68	0.00
bin3c.321.contigs	o__Clostridiales (UID1212)	172	263	149	31	214	17	1	0	0	85.68	8.17	25.00
bin3c.322.contigs	o__Bacteroidales (UID2617)	213	406	265	34	357	14	1	0	0	90.50	3.98	64.71
bin3c.324.contigs	f__Lachnospiraceae (UID1256)	33	333	171	16	315	2	0	0	0	92.98	1.17	50.00
bin3c.325.contigs	c__Clostridia (UID1118)	387	223	124	50	173	0	0	0	0	80.75	0.00	0.00
bin3c.326.contigs	o__Clostridiales (UID1212)	172	263	149	56	205	2	0	0	0	79.78	0.73	0.00
bin3c.327.contigs	o__Clostridiales (UID1212)	172	263	149	10	245	8	0	0	0	94.85	4.14	0.00
bin3c.328.contigs	o__Clostridiales (UID1212)	172	263	149	42	216	5	0	0	0	83.56	3.02	60.00
bin3c.329.contigs	p__Bacteroidetes (UID2605)	350	316	210	26	289	1	0	0	0	89.52	0.48	100.00
bin3c.32918.contigs	k__Bacteria (UID2329)	174	149	89	8	139	2	0	0	0	92.70	1.69	0.00
bin3c.33.contigs	k__Bacteria (UID203)	5449	104	58	0	62	31	11	0	0	100.00	47.45	4.69
bin3c.331.contigs	o__Clostridiales (UID1212)	172	263	149	38	223	2	0	0	0	81.58	1.34	0.00
bin3c.332.contigs	o__Clostridiales (UID1212)	172	263	149	19	241	3	0	0	0	90.94	2.01	0.00
bin3c.333.contigs	o__Clostridiales (UID1212)	172	261	147	14	247	0	0	0	0	92.35	0.00	0.00
bin3c.334.contigs	o__Clostridiales (UID1212)	172	263	149	7	252	4	0	0	0	95.30	2.68	0.00
bin3c.335.contigs	o__Clostridiales (UID1212)	172	263	149	73	189	1	0	0	0	70.63	0.67	0.00
bin3c.336.contigs	o__Clostridiales (UID1212)	172	263	149	7	253	3	0	0	0	95.97	1.57	33.33
bin3c.33633.contigs	c__Clostridia (UID1118)	387	223	124	190	33	0	0	0	0	1.61	0.00	0.00
bin3c.337.contigs	o__Clostridiales (UID1212)	172	263	149	14	249	0	0	0	0	92.73	0.00	0.00
bin3c.338.contigs	c__Clostridia (UID1118)	387	223	124	14	208	1	0	0	0	92.88	0.81	0.00
bin3c.339.contigs	p__Bacteroidetes (UID2605)	350	314	208	1	308	5	0	0	0	99.52	2.40	40.00
bin3c.34.contigs	k__Bacteria (UID203)	5449	98	58	0	1	97	0	0	0	100.00	99.14	46.39
bin3c.340.contigs	o__Clostridiales (UID1212)	172	263	149	16	247	0	0	0	0	92.37	0.00	0.00
bin3c.341.contigs	c__Deltaproteobacteria (UID3218)	61	284	169	6	275	3	0	0	0	96.45	0.99	0.00
bin3c.342.contigs	o__Clostridiales (UID1120)	304	247	141	83	161	3	0	0	0	65.97	2.13	66.67
bin3c.34272.contigs	k__Bacteria (UID2372)	131	177	106	122	55	0	0	0	0	10.38	0.00	0.00
bin3c.343.contigs	o__Clostridiales (UID1212)	172	263	149	6	255	2	0	0	0	96.64	1.01	0.00
bin3c.344.contigs	o__Clostridiales (UID1212)	172	263	149	43	220	0	0	0	0	84.87	0.00	0.00
bin3c.345.contigs	c__Clostridia (UID1118)	387	223	124	13	206	4	0	0	0	93.25	1.61	75.00
bin3c.346.contigs	o__Clostridiales (UID1212)	172	263	149	39	223	1	0	0	0	84.06	0.67	0.00
bin3c.34688.contigs	f__Lachnospiraceae (UID1255)	90	354	174	317	37	0	0	0	0	1.72	0.00	0.00
bin3c.347.contigs	o__Clostridiales (UID1212)	172	263	149	7	253	3	0	0	0	96.87	2.01	100.00
bin3c.349.contigs	p__Bacteroidetes (UID2605)	350	314	208	3	311	0	0	0	0	98.56	0.00	0.00
bin3c.35.contigs	o__Bacteroidales (UID2621)	198	427	260	7	420	0	0	0	0	97.50	0.00	0.00
bin3c.351.contigs	o__Clostridiales (UID1212)	172	263	149	4	258	0	1	0	0	97.32	1.34	0.00
bin3c.352.contigs	o__Clostridiales (UID1226)	155	278	158	48	215	15	0	0	0	76.69	7.44	13.33
bin3c.353.contigs	o__Clostridiales (UID1212)	172	263	149	27	231	5	0	0	0	88.42	2.07	0.00
bin3c.35316.contigs	o__Clostridiales (UID1212)	172	263	149	225	38	0	0	0	0	3.36	0.00	0.00
bin3c.354.contigs	o__Clostridiales (UID1212)	172	263	149	39	222	2	0	0	0	84.43	1.34	0.00
bin3c.355.contigs	c__Deltaproteobacteria (UID3218)	61	284	169	15	263	5	1	0	0	94.82	1.38	0.00
bin3c.356.contigs	o__Clostridiales (UID1212)	172	263	149	8	252	2	1	0	0	96.31	2.35	20.00
bin3c.357.contigs	o__Clostridiales (UID1212)	172	257	149	8	244	5	0	0	0	97.55	2.35	0.00
bin3c.358.contigs	p__Actinobacteria (UID2112)	31	211	124	1	196	14	0	0	0	99.60	8.87	0.00
bin3c.359.contigs	o__Clostridiales (UID1212)	172	263	149	29	233	1	0	0	0	85.10	0.22	0.00
bin3c.360.contigs	o__Clostridiales (UID1212)	172	263	149	47	215	1	0	0	0	77.94	0.67	0.00
bin3c.361.contigs	c__Clostridia (UID1118)	387	223	124	25	196	2	0	0	0	88.31	1.61	50.00
bin3c.362.contigs	p__Bacteroidetes (UID2605)	350	314	208	6	305	3	0	0	0	97.60	0.96	66.67
bin3c.363.contigs	f__Spirochaetaceae (UID2535)	33	249	143	5	244	0	0	0	0	97.55	0.00	0.00
bin3c.364.contigs	p__Firmicutes (UID1022)	100	295	158	0	294	1	0	0	0	100.00	0.63	0.00
bin3c.365.contigs	o__Bacteroidales (UID2617)	213	406	265	20	385	1	0	0	0	93.75	0.38	0.00
bin3c.36593.contigs	k__Bacteria (UID2329)	174	149	89	44	105	0	0	0	0	64.04	0.00	0.00
bin3c.366.contigs	o__Clostridiales (UID1212)	172	263	149	8	250	4	1	0	0	96.20	1.65	0.00
bin3c.367.contigs	p__Bacteroidetes (UID2605)	350	314	208	5	306	3	0	0	0	97.84	1.20	33.33
bin3c.3674.contigs	o__Clostridiales (UID1212)	172	263	149	10	252	1	0	0	0	94.85	0.67	0.00
bin3c.36753.contigs	o__Clostridiales (UID1212)	172	263	149	227	33	3	0	0	0	2.68	0.06	100.00
bin3c.368.contigs	p__Bacteroidetes (UID2605)	350	314	208	14	299	1	0	0	0	94.23	0.48	0.00
bin3c.369.contigs	o__Bacteroidales (UID2716)	92	487	270	100	387	0	0	0	0	77.42	0.00	0.00
bin3c.37.contigs	o__Clostridiales (UID1212)	172	263	149	4	246	13	0	0	0	97.76	6.49	0.00
bin3c.370.contigs	o__Clostridiales (UID1212)	172	261	147	5	254	2	0	0	0	96.94	0.45	100.00
bin3c.37166.contigs	p__Bacteroidetes (UID2605)	350	314	208	272	42	0	0	0	0	4.81	0.00	0.00
bin3c.372.contigs	c__Clostridia (UID1085)	35	420	196	50	364	6	0	0	0	83.38	2.31	16.67
bin3c.373.contigs	o__Clostridiales (UID1212)	172	263	149	6	256	0	1	0	0	96.64	1.34	0.00
bin3c.37324.contigs	o__Clostridiales (UID1212)	172	263	149	207	56	0	0	0	0	8.05	0.00	0.00
bin3c.374.contigs	c__Deltaproteobacteria (UID3218)	61	284	169	7	271	5	1	0	0	96.33	2.43	0.00
bin3c.375.contigs	o__Clostridiales (UID1212)	172	263	149	6	257	0	0	0	0	96.64	0.00	0.00
bin3c.377.contigs	c__Clostridia (UID1118)	387	223	124	20	189	14	0	0	0	92.79	7.53	7.14
bin3c.378.contigs	c__Clostridia (UID1118)	387	223	124	9	214	0	0	0	0	95.97	0.00	0.00
bin3c.379.contigs	p__Actinobacteria (UID2112)	31	211	124	2	205	4	0	0	0	99.11	2.69	0.00
bin3c.380.contigs	o__Clostridiales (UID1212)	172	263	149	61	112	89	1	0	0	73.49	36.69	3.26
bin3c.382.contigs	o__Clostridiales (UID1212)	172	263	149	40	158	65	0	0	0	83.01	24.27	7.69
bin3c.383.contigs	p__Bacteroidetes (UID2605)	350	314	208	3	310	1	0	0	0	98.56	0.48	0.00
bin3c.384.contigs	o__Clostridiales (UID1212)	172	257	149	8	246	3	0	0	0	96.59	2.01	0.00
bin3c.385.contigs	o__Clostridiales (UID1212)	172	263	149	18	245	0	0	0	0	91.70	0.00	0.00
bin3c.387.contigs	o__Clostridiales (UID1120)	304	247	141	6	241	0	0	0	0	95.74	0.00	0.00
bin3c.388.contigs	o__Clostridiales (UID1212)	172	263	149	4	258	1	0	0	0	97.76	0.67	0.00
bin3c.389.contigs	o__Clostridiales (UID1212)	172	263	149	89	173	1	0	0	0	59.60	0.67	0.00
bin3c.390.contigs	o__Clostridiales (UID1212)	172	263	149	3	243	17	0	0	0	97.99	5.03	0.00
bin3c.391.contigs	o__Bacteroidales (UID2617)	213	406	265	11	391	4	0	0	0	96.92	1.26	50.00
bin3c.392.contigs	c__Clostridia (UID1118)	387	223	124	6	213	4	0	0	0	95.56	3.23	0.00
bin3c.393.contigs	o__Clostridiales (UID1212)	172	263	149	10	253	0	0	0	0	95.08	0.00	0.00
bin3c.394.contigs	p__Euryarchaeota (UID3)	148	188	125	21	158	9	0	0	0	87.54	4.05	66.67
bin3c.395.contigs	o__Clostridiales (UID1212)	172	263	149	58	204	1	0	0	0	76.85	0.22	0.00
bin3c.396.contigs	c__Clostridia (UID1118)	387	223	124	16	196	11	0	0	0	91.91	4.68	90.91
bin3c.397.contigs	o__Clostridiales (UID1212)	172	263	149	7	251	5	0	0	0	97.15	2.68	0.00
bin3c.398.contigs	o__Clostridiales (UID1212)	172	263	149	10	252	1	0	0	0	94.18	0.67	0.00
bin3c.3981.contigs	f__Lachnospiraceae (UID1255)	90	354	174	318	36	0	0	0	0	1.15	0.00	0.00
bin3c.39839.contigs	c__Clostridia (UID1118)	387	223	124	183	40	0	0	0	0	2.91	0.00	0.00
bin3c.399.contigs	c__Deltaproteobacteria (UID3218)	61	284	169	5	275	3	1	0	0	97.04	1.78	16.67
bin3c.400.contigs	o__Clostridiales (UID1212)	172	263	149	13	240	10	0	0	0	92.62	4.70	90.00
bin3c.401.contigs	p__Bacteroidetes (UID2605)	350	314	208	4	304	6	0	0	0	98.08	2.40	0.00
bin3c.403.contigs	o__Clostridiales (UID1212)	172	263	149	15	247	1	0	0	0	93.38	0.67	0.00
bin3c.404.contigs	p__Bacteroidetes (UID2605)	350	314	208	4	306	3	1	0	0	98.56	2.40	66.67
bin3c.40475.contigs	k__Bacteria (UID2329)	174	149	89	111	38	0	0	0	0	8.99	0.00	0.00
bin3c.405.contigs	o__Clostridiales (UID1226)	155	278	158	84	189	5	0	0	0	69.77	1.42	40.00
bin3c.406.contigs	o__Clostridiales (UID1212)	172	263	149	10	253	0	0	0	0	95.39	0.00	0.00
bin3c.407.contigs	o__Clostridiales (UID1120)	304	250	143	7	241	2	0	0	0	96.68	1.40	100.00
bin3c.408.contigs	o__Clostridiales (UID1120)	304	250	143	14	233	3	0	0	0	93.30	1.63	0.00
bin3c.409.contigs	c__Clostridia (UID1118)	387	223	124	12	210	1	0	0	0	92.74	0.81	0.00
bin3c.40959.contigs	f__Spirochaetaceae (UID2535)	33	249	143	182	67	0	0	0	0	16.66	0.00	0.00
bin3c.410.contigs	o__Clostridiales (UID1120)	304	250	143	13	236	1	0	0	0	92.64	0.70	0.00
bin3c.411.contigs	o__Clostridiales (UID1212)	172	263	149	2	260	1	0	0	0	99.11	0.67	0.00
bin3c.412.contigs	o__Clostridiales (UID1212)	172	263	149	5	258	0	0	0	0	97.09	0.00	0.00
bin3c.41383.contigs	o__Clostridiales (UID1212)	172	263	149	171	92	0	0	0	0	30.98	0.00	0.00
bin3c.41391.contigs	c__Clostridia (UID1118)	387	223	124	12	211	0	0	0	0	93.41	0.00	0.00
bin3c.414.contigs	k__Bacteria (UID203)	5449	103	58	8	71	24	0	0	0	88.79	9.73	70.83
bin3c.415.contigs	o__Clostridiales (UID1226)	155	278	158	3	268	7	0	0	0	98.52	2.90	42.86
bin3c.416.contigs	o__Clostridiales (UID1212)	172	263	149	48	215	0	0	0	0	77.18	0.00	0.00
bin3c.417.contigs	o__Clostridiales (UID1212)	172	263	149	22	240	1	0	0	0	89.71	0.34	0.00
bin3c.418.contigs	o__Clostridiales (UID1212)	172	263	149	11	250	2	0	0	0	93.74	1.34	0.00
bin3c.419.contigs	o__Clostridiales (UID1212)	172	263	149	2	260	1	0	0	0	98.66	0.67	0.00
bin3c.42.contigs	k__Bacteria (UID2565)	2921	142	87	5	137	0	0	0	0	94.83	0.00	0.00
bin3c.420.contigs	o__Bacteroidales (UID2617)	213	406	265	95	311	0	0	0	0	75.44	0.00	0.00
bin3c.42040.contigs	k__Bacteria (UID2372)	131	177	106	140	37	0	0	0	0	5.66	0.00	0.00
bin3c.421.contigs	o__Clostridiales (UID1212)	172	263	149	50	213	0	0	0	0	81.43	0.00	0.00
bin3c.422.contigs	c__Clostridia (UID1085)	35	420	196	67	346	6	1	0	0	81.92	1.80	0.00
bin3c.424.contigs	o__Burkholderiales (UID4000)	193	427	214	19	386	22	0	0	0	94.33	5.21	45.45
bin3c.42426.contigs	o__Clostridiales (UID1212)	172	263	149	222	41	0	0	0	0	4.70	0.00	0.00
bin3c.425.contigs	o__Clostridiales (UID1212)	172	257	149	25	229	3	0	0	0	90.74	1.34	66.67
bin3c.426.contigs	o__Clostridiales (UID1212)	172	263	149	10	246	7	0	0	0	95.53	4.70	57.14
bin3c.42699.contigs	k__Bacteria (UID2329)	174	149	89	8	140	1	0	0	0	93.15	1.12	0.00
bin3c.427.contigs	c__Clostridia (UID1118)	387	223	124	19	202	2	0	0	0	87.56	1.21	0.00
bin3c.428.contigs	o__Clostridiales (UID1212)	172	263	149	40	217	6	0	0	0	83.56	2.85	33.33
bin3c.42857.contigs	o__Clostridiales (UID1212)	172	263	149	225	38	0	0	0	0	3.19	0.00	0.00
bin3c.429.contigs	o__Clostridiales (UID1212)	172	263	149	35	225	3	0	0	0	87.25	2.01	0.00
bin3c.431.contigs	o__Clostridiales (UID1212)	172	257	149	29	227	1	0	0	0	83.93	0.67	100.00
bin3c.432.contigs	f__Lachnospiraceae (UID1256)	33	333	171	102	223	8	0	0	0	71.45	4.39	0.00
bin3c.433.contigs	p__Bacteroidetes (UID2605)	350	314	208	4	308	2	0	0	0	98.32	0.96	0.00
bin3c.434.contigs	p__Bacteroidetes (UID2605)	350	314	208	3	308	3	0	0	0	98.80	0.96	0.00
bin3c.435.contigs	o__Clostridiales (UID1212)	172	263	149	35	198	30	0	0	0	86.56	15.94	0.00
bin3c.43543.contigs	c__Clostridia (UID1085)	35	420	196	313	106	1	0	0	0	18.98	0.51	0.00
bin3c.4359.contigs	o__Clostridiales (UID1212)	172	263	149	221	42	0	0	0	0	6.33	0.00	0.00
bin3c.436.contigs	o__Clostridiales (UID1212)	172	263	149	21	240	2	0	0	0	89.60	0.84	50.00
bin3c.438.contigs	o__Clostridiales (UID1226)	155	278	158	5	272	1	0	0	0	97.26	0.16	0.00
bin3c.439.contigs	o__Clostridiales (UID1212)	172	263	149	110	152	1	0	0	0	54.40	0.67	0.00
bin3c.44.contigs	k__Bacteria (UID2565)	2921	142	87	6	135	0	0	1	0	96.24	1.72	66.67
bin3c.440.contigs	o__Clostridiales (UID1120)	304	247	141	2	244	1	0	0	0	98.94	0.24	0.00
bin3c.441.contigs	p__Bacteroidetes (UID2605)	350	316	210	58	258	0	0	0	0	78.79	0.00	0.00
bin3c.442.contigs	o__Clostridiales (UID1212)	172	263	149	89	173	1	0	0	0	61.19	0.67	0.00
bin3c.443.contigs	o__Clostridiales (UID1212)	172	263	149	9	254	0	0	0	0	94.63	0.00	0.00
bin3c.445.contigs	f__Lachnospiraceae (UID1256)	33	333	171	143	185	5	0	0	0	56.96	2.19	20.00
bin3c.446.contigs	o__Clostridiales (UID1212)	172	263	149	44	219	0	0	0	0	77.58	0.00	0.00
bin3c.44642.contigs	c__Clostridia (UID1085)	35	420	196	348	72	0	0	0	0	8.33	0.00	0.00
bin3c.44656.contigs	k__Bacteria (UID2329)	174	149	89	1	147	1	0	0	0	98.88	1.12	0.00
bin3c.448.contigs	o__Clostridiales (UID1212)	172	263	149	6	256	1	0	0	0	96.98	0.34	0.00
bin3c.449.contigs	c__Clostridia (UID1118)	387	223	124	10	210	3	0	0	0	92.34	2.42	33.33
bin3c.45.contigs	o__Clostridiales (UID1212)	172	263	149	2	192	67	2	0	0	98.66	29.47	52.05
bin3c.45064.contigs	o__Clostridiales (UID1212)	172	263	149	175	88	0	0	0	0	26.24	0.00	0.00
bin3c.451.contigs	o__Clostridiales (UID1212)	172	263	149	37	219	5	2	0	0	82.04	4.59	18.18
bin3c.45173.contigs	o__Bacteroidales (UID2617)	213	406	265	364	42	0	0	0	0	3.02	0.00	0.00
bin3c.452.contigs	o__Clostridiales (UID1212)	172	263	149	35	224	3	0	1	0	83.38	3.36	0.00
bin3c.453.contigs	o__Clostridiales (UID1212)	172	263	149	39	220	4	0	0	0	82.93	2.35	0.00
bin3c.454.contigs	o__Clostridiales (UID1212)	172	263	149	51	196	13	3	0	0	74.21	10.07	54.55
bin3c.455.contigs	o__Clostridiales (UID1212)	172	263	149	3	260	0	0	0	0	97.99	0.00	0.00
bin3c.45621.contigs	p__Bacteroidetes (UID2605)	350	314	208	281	33	0	0	0	0	0.96	0.00	0.00
bin3c.45630.contigs	o__Clostridiales (UID1212)	172	263	149	217	46	0	0	0	0	8.95	0.00	0.00
bin3c.458.contigs	o__Clostridiales (UID1212)	172	263	149	4	257	2	0	0	0	98.21	1.34	0.00
bin3c.459.contigs	k__Bacteria (UID2329)	174	149	89	7	136	6	0	0	0	92.70	5.62	16.67
bin3c.46.contigs	o__Bacteroidales (UID2657)	160	492	269	17	475	0	0	0	0	97.19	0.00	0.00
bin3c.460.contigs	c__Clostridia (UID1118)	387	223	124	3	209	11	0	0	0	97.58	3.23	100.00
bin3c.461.contigs	c__Clostridia (UID1085)	35	420	196	78	307	35	0	0	0	74.57	10.52	77.14
bin3c.463.contigs	k__Bacteria (UID203)	5449	103	57	3	73	27	0	0	0	94.74	22.81	3.70
bin3c.464.contigs	k__Bacteria (UID2372)	131	177	106	0	176	1	0	0	0	100.00	0.94	0.00
bin3c.465.contigs	o__Clostridiales (UID1212)	172	263	149	23	239	1	0	0	0	93.83	0.67	0.00
bin3c.466.contigs	o__Clostridiales (UID1212)	172	263	149	26	229	8	0	0	0	88.79	3.69	75.00
bin3c.467.contigs	o__Selenomonadales (UID1024)	64	334	167	39	293	2	0	0	0	87.36	0.60	0.00
bin3c.46772.contigs	o__Clostridiales (UID1212)	172	263	149	222	41	0	0	0	0	6.88	0.00	0.00
bin3c.468.contigs	o__Clostridiales (UID1212)	172	263	149	75	186	2	0	0	0	69.91	1.34	0.00
bin3c.469.contigs	p__Bacteroidetes (UID2605)	350	314	208	57	249	8	0	0	0	78.85	3.61	75.00
bin3c.46951.contigs	o__Clostridiales (UID1212)	172	263	149	206	57	0	0	0	0	8.72	0.00	0.00
bin3c.47.contigs	o__Clostridiales (UID1226)	155	278	158	1	252	25	0	0	0	99.37	7.59	68.00
bin3c.470.contigs	p__Bacteroidetes (UID2605)	350	314	208	6	305	3	0	0	0	97.60	1.20	100.00
bin3c.471.contigs	o__Clostridiales (UID1212)	172	263	149	51	208	3	1	0	0	80.02	2.57	0.00
bin3c.472.contigs	c__Clostridia (UID1118)	387	223	124	3	220	0	0	0	0	97.58	0.00	0.00
bin3c.473.contigs	o__Clostridiales (UID1212)	172	263	149	49	210	4	0	0	0	76.17	1.57	75.00
bin3c.474.contigs	o__Clostridiales (UID1212)	172	263	149	6	257	0	0	0	0	97.32	0.00	0.00
bin3c.475.contigs	o__Clostridiales (UID1212)	172	263	149	67	194	2	0	0	0	70.73	1.34	0.00
bin3c.476.contigs	o__Clostridiales (UID1212)	172	263	149	13	248	2	0	0	0	94.23	0.69	0.00
bin3c.47612.contigs	o__Clostridiales (UID1212)	172	263	149	231	32	0	0	0	0	1.32	0.00	0.00
bin3c.477.contigs	o__Clostridiales (UID1212)	172	263	149	17	246	0	0	0	0	91.26	0.00	0.00
bin3c.47750.contigs	k__Bacteria (UID2329)	174	149	89	8	141	0	0	0	0	91.57	0.00	0.00
bin3c.479.contigs	o__Clostridiales (UID1212)	172	263	149	2	261	0	0	0	0	98.66	0.00	0.00
bin3c.48.contigs	k__Bacteria (UID203)	5449	104	58	0	4	96	4	0	0	100.00	102.43	29.63
bin3c.482.contigs	o__Clostridiales (UID1212)	172	263	149	37	215	11	0	0	0	81.25	2.80	63.64
bin3c.48211.contigs	c__Clostridia (UID1118)	387	223	124	180	43	0	0	0	0	6.99	0.00	0.00
bin3c.483.contigs	o__Clostridiales (UID1212)	172	263	149	4	257	2	0	0	0	97.99	1.01	0.00
bin3c.4832.contigs	c__Clostridia (UID1118)	387	223	124	163	60	0	0	0	0	12.88	0.00	0.00
bin3c.4833.contigs	o__Clostridiales (UID1212)	172	263	149	207	56	0	0	0	0	6.71	0.00	0.00
bin3c.484.contigs	o__Clostridiales (UID1212)	172	263	149	16	246	1	0	0	0	92.33	0.34	100.00
bin3c.485.contigs	k__Bacteria (UID2982)	88	229	147	99	130	0	0	0	0	61.22	0.00	0.00
bin3c.486.contigs	c__Clostridia (UID1118)	387	223	124	10	212	1	0	0	0	93.52	0.81	100.00
bin3c.487.contigs	o__Clostridiales (UID1226)	155	278	158	173	87	17	1	0	0	30.93	11.39	50.00
bin3c.4874.contigs	o__Clostridiales (UID1212)	172	263	149	225	38	0	0	0	0	3.98	0.00	0.00
bin3c.488.contigs	o__Clostridiales (UID1120)	304	250	143	6	243	1	0	0	0	97.62	0.70	0.00
bin3c.490.contigs	o__Clostridiales (UID1212)	172	263	149	8	255	0	0	0	0	95.30	0.00	0.00
bin3c.49017.contigs	k__Bacteria (UID2328)	3167	126	75	85	41	0	0	0	0	18.67	0.00	0.00
bin3c.491.contigs	k__Bacteria (UID2329)	174	149	89	4	129	16	0	0	0	96.07	12.08	18.75
bin3c.492.contigs	o__Clostridiales (UID1212)	172	263	149	21	241	1	0	0	0	88.59	0.67	0.00
bin3c.493.contigs	p__Bacteroidetes (UID2605)	350	314	208	66	247	1	0	0	0	77.24	0.48	0.00
bin3c.494.contigs	k__Bacteria (UID2328)	3167	126	75	2	124	0	0	0	0	97.33	0.00	0.00
bin3c.495.contigs	c__Clostridia (UID1118)	387	223	124	16	207	0	0	0	0	92.74	0.00	0.00
bin3c.496.contigs	o__Clostridiales (UID1212)	172	263	149	16	247	0	0	0	0	91.28	0.00	0.00
bin3c.497.contigs	o__Clostridiales (UID1212)	172	263	149	22	239	2	0	0	0	93.19	1.34	0.00
bin3c.498.contigs	o__Clostridiales (UID1212)	172	263	149	19	242	2	0	0	0	89.37	0.84	0.00
bin3c.499.contigs	p__Bacteroidetes (UID2605)	350	316	210	53	260	3	0	0	0	81.83	1.19	33.33
bin3c.50057.contigs	c__Clostridia (UID1118)	387	223	124	153	70	0	0	0	0	16.94	0.00	0.00
bin3c.50058.contigs	k__Bacteria (UID2329)	174	149	89	2	144	3	0	0	0	97.75	3.37	0.00
bin3c.501.contigs	o__Clostridiales (UID1212)	172	263	149	65	196	2	0	0	0	75.59	0.84	0.00
bin3c.50155.contigs	k__Bacteria (UID2372)	131	177	106	92	85	0	0	0	0	41.04	0.00	0.00
bin3c.5018.contigs	o__Clostridiales (UID1212)	172	263	149	212	51	0	0	0	0	10.74	0.00	0.00
bin3c.502.contigs	o__Clostridiales (UID1212)	172	263	149	41	222	0	0	0	0	78.86	0.00	0.00
bin3c.504.contigs	k__Bacteria (UID2495)	2993	143	89	3	140	0	0	0	0	96.63	0.00	0.00
bin3c.505.contigs	k__Bacteria (UID2495)	2993	147	91	4	143	0	0	0	0	95.60	0.00	0.00
bin3c.506.contigs	p__Bacteroidetes (UID2605)	350	314	208	29	284	1	0	0	0	89.66	0.48	0.00
bin3c.507.contigs	o__Clostridiales (UID1212)	172	263	149	5	258	0	0	0	0	96.64	0.00	0.00
bin3c.508.contigs	k__Bacteria (UID2565)	2921	152	93	7	145	0	0	0	0	93.55	0.00	0.00
bin3c.509.contigs	o__Clostridiales (UID1212)	172	263	149	25	238	0	0	0	0	85.88	0.00	0.00
bin3c.51.contigs	o__Clostridiales (UID1226)	155	278	158	0	194	84	0	0	0	100.00	33.65	9.52
bin3c.510.contigs	k__Bacteria (UID2565)	2921	152	93	2	150	0	0	0	0	98.92	0.00	0.00
bin3c.511.contigs	o__Clostridiales (UID1226)	155	278	158	171	107	0	0	0	0	27.83	0.00	0.00
bin3c.512.contigs	o__Clostridiales (UID1212)	172	263	149	49	213	1	0	0	0	74.33	0.67	0.00
bin3c.513.contigs	p__Bacteroidetes (UID2605)	350	314	208	6	308	0	0	0	0	97.36	0.00	0.00
bin3c.514.contigs	k__Bacteria (UID2329)	174	149	89	9	138	2	0	0	0	91.57	2.25	0.00
bin3c.515.contigs	o__Clostridiales (UID1212)	172	263	149	120	143	0	0	0	0	46.39	0.00	0.00
bin3c.516.contigs	o__Clostridiales (UID1212)	172	263	149	45	213	5	0	0	0	75.45	1.85	40.00
bin3c.517.contigs	c__Clostridia (UID1118)	387	223	124	114	108	1	0	0	0	42.54	0.81	0.00
bin3c.518.contigs	o__Clostridiales (UID1212)	172	263	149	83	138	42	0	0	0	68.96	19.46	0.00
bin3c.519.contigs	k__Bacteria (UID2329)	174	149	89	4	141	3	1	0	0	95.51	3.69	0.00
bin3c.520.contigs	o__Clostridiales (UID1212)	172	263	149	40	210	13	0	0	0	88.51	7.55	7.69
bin3c.521.contigs	o__Clostridiales (UID1120)	304	250	143	38	186	23	2	1	0	79.52	13.98	48.57
bin3c.522.contigs	k__Bacteria (UID203)	5449	104	58	0	89	15	0	0	0	100.00	5.33	93.33
bin3c.523.contigs	o__Clostridiales (UID1212)	172	263	149	76	180	7	0	0	0	65.38	2.68	85.71
bin3c.524.contigs	o__Clostridiales (UID1212)	172	263	149	20	243	0	0	0	0	87.92	0.00	0.00
bin3c.526.contigs	k__Bacteria (UID203)	5449	104	58	3	77	24	0	0	0	94.83	19.83	41.67
bin3c.528.contigs	o__Clostridiales (UID1212)	172	263	149	16	246	1	0	0	0	91.70	0.67	0.00
bin3c.529.contigs	o__Clostridiales (UID1120)	304	247	141	4	243	0	0	0	0	98.23	0.00	0.00
bin3c.53.contigs	o__Clostridiales (UID1212)	172	263	149	10	215	36	2	0	0	94.63	17.61	69.05
bin3c.530.contigs	o__Clostridiales (UID1212)	172	263	149	102	161	0	0	0	0	60.79	0.00	0.00
bin3c.533.contigs	k__Bacteria (UID2329)	174	149	89	4	118	26	1	0	0	95.51	23.60	72.41
bin3c.535.contigs	c__Clostridia (UID1118)	387	223	124	51	172	0	0	0	0	70.50	0.00	0.00
bin3c.536.contigs	o__Clostridiales (UID1212)	172	263	149	53	208	2	0	0	0	77.96	1.01	0.00
bin3c.537.contigs	o__Clostridiales (UID1212)	172	263	149	111	143	9	0	0	0	50.00	2.35	0.00
bin3c.538.contigs	k__Bacteria (UID2329)	174	149	89	5	134	9	1	0	0	94.94	10.27	33.33
bin3c.539.contigs	o__Clostridiales (UID1212)	172	263	149	42	221	0	0	0	0	84.75	0.00	0.00
bin3c.540.contigs	k__Bacteria (UID2565)	2921	152	93	7	144	1	0	0	0	93.55	1.08	0.00
bin3c.541.contigs	o__Clostridiales (UID1212)	172	263	149	93	169	1	0	0	0	60.28	0.67	0.00
bin3c.543.contigs	o__Clostridiales (UID1120)	304	250	143	16	234	0	0	0	0	90.68	0.00	0.00
bin3c.545.contigs	c__Clostridia (UID1118)	387	223	124	39	181	3	0	0	0	76.02	1.34	33.33
bin3c.546.contigs	c__Clostridia (UID1085)	35	420	196	58	357	5	0	0	0	84.14	1.29	0.00
bin3c.547.contigs	o__Clostridiales (UID1212)	172	263	149	87	176	0	0	0	0	61.65	0.00	0.00
bin3c.548.contigs	o__Clostridiales (UID1212)	172	263	149	73	190	0	0	0	0	74.48	0.00	0.00
bin3c.549.contigs	c__Clostridia (UID1118)	387	223	124	70	152	1	0	0	0	60.08	0.40	100.00
bin3c.550.contigs	c__Clostridia (UID1118)	387	223	124	34	178	11	0	0	0	78.23	7.66	0.00
bin3c.551.contigs	o__Clostridiales (UID1212)	172	263	149	43	219	1	0	0	0	77.85	0.67	100.00
bin3c.552.contigs	c__Clostridia (UID1118)	387	223	124	8	215	0	0	0	0	96.77	0.00	0.00
bin3c.553.contigs	o__Clostridiales (UID1212)	172	257	149	116	141	0	0	0	0	50.26	0.00	0.00
bin3c.554.contigs	k__Bacteria (UID2982)	88	230	148	77	151	2	0	0	0	56.76	1.35	0.00
bin3c.555.contigs	c__Clostridia (UID1085)	35	420	196	144	272	4	0	0	0	68.20	1.63	0.00
bin3c.556.contigs	p__Euryarchaeota (UID3)	148	188	125	85	99	3	1	0	0	60.80	4.00	83.33
bin3c.557.contigs	c__Deltaproteobacteria (UID3218)	61	284	169	62	218	4	0	0	0	72.95	1.05	0.00
bin3c.561.contigs	o__Clostridiales (UID1212)	172	263	149	59	196	7	1	0	0	71.99	5.70	50.00
bin3c.562.contigs	o__Clostridiales (UID1212)	172	257	149	126	124	7	0	0	0	50.12	3.04	0.00
bin3c.564.contigs	c__Clostridia (UID1085)	35	420	196	60	353	6	1	0	0	81.63	2.38	33.33
bin3c.565.contigs	k__Bacteria (UID2329)	174	149	89	7	123	19	0	0	0	92.70	16.85	0.00
bin3c.5660.contigs	o__Clostridiales (UID1226)	155	278	158	243	35	0	0	0	0	2.51	0.00	0.00
bin3c.567.contigs	o__Clostridiales (UID1212)	172	263	149	66	196	1	0	0	0	68.89	0.67	0.00
bin3c.568.contigs	k__Bacteria (UID2328)	3167	126	75	3	123	0	0	0	0	96.00	0.00	0.00
bin3c.571.contigs	p__Bacteroidetes (UID2605)	350	314	208	66	247	1	0	0	0	78.12	0.48	0.00
bin3c.572.contigs	k__Bacteria (UID2329)	174	149	89	4	139	4	1	0	1	95.51	10.11	52.94
bin3c.573.contigs	o__Clostridiales (UID1120)	304	247	141	128	115	4	0	0	0	46.40	2.48	25.00
bin3c.574.contigs	o__Clostridiales (UID1212)	172	263	149	33	229	1	0	0	0	85.51	0.67	0.00
bin3c.575.contigs	o__Clostridiales (UID1212)	172	263	149	71	191	1	0	0	0	65.96	0.17	0.00
bin3c.577.contigs	o__Clostridiales (UID1120)	304	250	143	46	204	0	0	0	0	77.44	0.00	0.00
bin3c.578.contigs	o__Clostridiales (UID1212)	172	263	149	52	207	3	1	0	0	75.21	2.03	0.00
bin3c.579.contigs	o__Clostridiales (UID1212)	172	263	149	47	214	2	0	0	0	76.44	0.89	0.00
bin3c.58.contigs	o__Clostridiales (UID1212)	172	263	149	6	206	44	7	0	0	96.64	24.83	87.69
bin3c.580.contigs	o__Bacteroidales (UID2657)	160	492	269	226	257	9	0	0	0	51.41	1.35	88.89
bin3c.581.contigs	o__Clostridiales (UID1212)	172	263	149	22	239	2	0	0	0	89.49	1.01	50.00
bin3c.584.contigs	o__Clostridiales (UID1212)	172	263	149	81	179	3	0	0	0	72.81	1.51	0.00
bin3c.585.contigs	k__Bacteria (UID2329)	174	149	89	5	139	5	0	0	0	95.22	4.49	20.00
bin3c.586.contigs	o__Clostridiales (UID1212)	172	263	149	10	252	1	0	0	0	95.50	0.67	0.00
bin3c.587.contigs	o__Clostridiales (UID1120)	304	249	142	39	206	3	1	0	0	82.63	3.05	0.00
bin3c.5873.contigs	o__Clostridiales (UID1212)	172	263	149	209	54	0	0	0	0	10.01	0.00	0.00
bin3c.588.contigs	o__Clostridiales (UID1212)	172	263	149	18	242	3	0	0	0	91.21	0.79	0.00
bin3c.5884.contigs	o__Clostridiales (UID1212)	172	263	149	216	47	0	0	0	0	6.09	0.00	0.00
bin3c.59.contigs	c__Clostridia (UID1118)	387	223	124	2	208	13	0	0	0	98.79	7.66	76.92
bin3c.590.contigs	k__Bacteria (UID2329)	174	149	89	4	138	7	0	0	0	95.51	6.74	85.71
bin3c.592.contigs	o__Clostridiales (UID1212)	172	263	149	89	174	0	0	0	0	63.21	0.00	0.00
bin3c.593.contigs	k__Bacteria (UID2329)	174	149	89	6	142	1	0	0	0	93.82	1.12	100.00
bin3c.594.contigs	o__Bacteroidales (UID2657)	160	492	269	283	194	15	0	0	0	40.54	4.09	86.67
bin3c.595.contigs	k__Bacteria (UID2329)	174	149	89	7	126	15	1	0	0	92.70	14.04	22.22
bin3c.596.contigs	k__Bacteria (UID2329)	174	149	89	11	136	2	0	0	0	89.61	1.69	0.00
bin3c.597.contigs	k__Bacteria (UID2329)	174	149	89	5	139	5	0	0	0	95.22	4.09	0.00
bin3c.598.contigs	k__Bacteria (UID2328)	3167	126	75	4	118	4	0	0	0	94.67	4.00	50.00
bin3c.599.contigs	k__Bacteria (UID2329)	174	149	89	7	141	1	0	0	0	93.54	1.12	0.00
bin3c.60.contigs	o__Clostridiales (UID1212)	172	263	149	30	168	63	2	0	0	84.34	25.20	86.96
bin3c.600.contigs	k__Bacteria (UID2329)	174	149	89	15	132	2	0	0	0	85.96	2.25	0.00
bin3c.601.contigs	p__Bacteroidetes (UID2605)	350	314	208	117	195	2	0	0	0	57.48	0.48	50.00
bin3c.602.contigs	p__Euryarchaeota (UID54)	90	234	153	38	196	0	0	0	0	91.12	0.00	0.00
bin3c.603.contigs	k__Bacteria (UID203)	5449	104	58	14	70	20	0	0	0	79.31	12.07	100.00
bin3c.605.contigs	o__Clostridiales (UID1212)	172	263	149	57	204	1	1	0	0	72.75	0.89	0.00
bin3c.606.contigs	o__Clostridiales (UID1212)	172	263	149	120	143	0	0	0	0	47.34	0.00	0.00
bin3c.607.contigs	k__Bacteria (UID2329)	174	149	89	7	139	3	0	0	0	93.82	3.37	66.67
bin3c.6092.contigs	o__Clostridiales (UID1212)	172	263	149	210	53	0	0	0	0	7.27	0.00	0.00
bin3c.61.contigs	o__Clostridiales (UID1120)	304	250	143	1	246	3	0	0	0	99.30	1.17	0.00
bin3c.610.contigs	o__Clostridiales (UID1212)	172	263	149	125	137	1	0	0	0	59.95	0.67	0.00
bin3c.611.contigs	o__Thermoanaerobacterales (UID1420)	32	488	209	218	264	6	0	0	0	48.48	1.31	0.00
bin3c.613.contigs	o__Clostridiales (UID1212)	172	263	149	58	204	1	0	0	0	71.25	0.67	0.00
bin3c.614.contigs	o__Clostridiales (UID1212)	172	263	149	129	133	1	0	0	0	47.94	0.67	100.00
bin3c.615.contigs	k__Bacteria (UID2329)	174	149	89	26	123	0	0	0	0	76.40	0.00	0.00
bin3c.616.contigs	k__Bacteria (UID2329)	174	149	89	35	111	3	0	0	0	72.47	3.37	100.00
bin3c.618.contigs	c__Clostridia (UID1118)	387	223	124	29	188	6	0	0	0	82.50	2.82	83.33
bin3c.620.contigs	o__Clostridiales (UID1212)	172	263	149	38	224	1	0	0	0	79.91	0.22	0.00
bin3c.621.contigs	o__Clostridiales (UID1212)	172	263	149	61	199	3	0	0	0	74.33	2.01	0.00
bin3c.622.contigs	k__Bacteria (UID2329)	174	149	89	8	138	3	0	0	0	92.42	2.81	0.00
bin3c.623.contigs	k__Bacteria (UID2329)	174	149	89	6	138	5	0	0	0	93.26	4.09	80.00
bin3c.625.contigs	k__Bacteria (UID2329)	174	149	89	7	139	3	0	0	0	92.70	3.37	33.33
bin3c.626.contigs	o__Clostridiales (UID1212)	172	263	149	97	166	0	0	0	0	64.09	0.00	0.00
bin3c.627.contigs	k__Bacteria (UID2329)	174	149	89	8	135	6	0	0	0	91.57	5.62	66.67
bin3c.628.contigs	k__Bacteria (UID2329)	174	149	89	9	139	1	0	0	0	91.29	1.12	0.00
bin3c.629.contigs	o__Clostridiales (UID1120)	304	249	142	107	140	2	0	0	0	52.92	1.41	0.00
bin3c.63.contigs	o__Clostridiales (UID1212)	172	263	149	5	247	11	0	0	0	97.09	6.60	9.09
bin3c.633.contigs	o__Clostridiales (UID1212)	172	263	149	54	208	1	0	0	0	73.09	0.34	0.00
bin3c.634.contigs	k__Bacteria (UID2329)	174	149	89	11	136	2	0	0	0	89.89	2.25	0.00
bin3c.636.contigs	k__Bacteria (UID2329)	174	149	89	15	133	1	0	0	0	86.24	1.12	0.00
bin3c.637.contigs	k__Bacteria (UID2329)	174	149	89	14	134	1	0	0	0	85.96	1.12	100.00
bin3c.638.contigs	o__Clostridiales (UID1212)	172	263	149	79	183	1	0	0	0	60.18	0.67	100.00
bin3c.64.contigs	f__Enterobacteriaceae (UID5162)	88	1207	328	505	633	69	0	0	0	54.69	6.24	98.55
bin3c.641.contigs	c__Clostridia (UID1118)	387	223	124	29	194	0	0	0	0	83.06	0.00	0.00
bin3c.642.contigs	k__Bacteria (UID203)	5449	103	57	3	81	19	0	0	0	94.74	8.77	94.74
bin3c.643.contigs	c__Clostridia (UID1085)	35	420	196	166	251	3	0	0	0	57.87	1.04	33.33
bin3c.644.contigs	c__Clostridia (UID1118)	387	223	124	59	164	0	0	0	0	66.13	0.00	0.00
bin3c.645.contigs	c__Clostridia (UID1118)	387	223	124	45	177	1	0	0	0	74.60	0.07	0.00
bin3c.646.contigs	o__Clostridiales (UID1212)	172	263	149	178	84	1	0	0	0	23.25	0.67	0.00
bin3c.648.contigs	k__Bacteria (UID2329)	174	149	89	11	131	7	0	0	0	90.45	7.30	85.71
bin3c.65.contigs	c__Deltaproteobacteria (UID3218)	61	284	169	5	279	0	0	0	0	97.63	0.00	0.00
bin3c.6506.contigs	o__Clostridiales (UID1212)	172	263	149	214	49	0	0	0	0	8.99	0.00	0.00
bin3c.651.contigs	k__Bacteria (UID2329)	174	149	89	8	139	2	0	0	0	91.57	1.69	0.00
bin3c.653.contigs	p__Bacteroidetes (UID2605)	350	314	208	125	188	1	0	0	0	59.62	0.48	0.00
bin3c.656.contigs	k__Bacteria (UID2329)	174	149	89	6	140	3	0	0	0	94.38	3.37	0.00
bin3c.657.contigs	o__Clostridiales (UID1212)	172	263	149	150	113	0	0	0	0	37.84	0.00	0.00
bin3c.658.contigs	o__Clostridiales (UID1212)	172	263	149	162	101	0	0	0	0	36.63	0.00	0.00
bin3c.659.contigs	c__Clostridia (UID1118)	387	223	124	94	116	12	1	0	0	43.55	7.66	60.00
bin3c.66.contigs	p__Bacteroidetes (UID2605)	350	314	208	3	298	13	0	0	0	99.04	5.05	0.00
bin3c.661.contigs	k__Bacteria (UID2329)	174	149	89	10	139	0	0	0	0	89.89	0.00	0.00
bin3c.662.contigs	o__Clostridiales (UID1212)	172	263	149	167	96	0	0	0	0	28.19	0.00	0.00
bin3c.665.contigs	c__Clostridia (UID1118)	387	223	124	118	105	0	0	0	0	38.17	0.00	0.00
bin3c.666.contigs	k__Bacteria (UID2329)	174	149	89	9	139	1	0	0	0	91.01	1.12	0.00
bin3c.667.contigs	c__Clostridia (UID1085)	35	420	196	147	271	2	0	0	0	60.17	0.77	0.00
bin3c.668.contigs	k__Bacteria (UID2329)	174	149	89	6	139	4	0	0	0	93.82	3.93	25.00
bin3c.669.contigs	k__Bacteria (UID2329)	174	149	89	5	142	2	0	0	0	94.94	2.25	0.00
bin3c.67.contigs	f__Lachnospiraceae (UID1255)	90	354	174	50	302	2	0	0	0	83.33	0.67	0.00
bin3c.671.contigs	o__Clostridiales (UID1212)	172	263	149	131	132	0	0	0	0	42.51	0.00	0.00
bin3c.674.contigs	k__Bacteria (UID2329)	174	149	89	12	136	0	1	0	0	88.20	0.32	0.00
bin3c.677.contigs	c__Clostridia (UID1118)	387	223	124	91	132	0	0	0	0	56.99	0.00	0.00
bin3c.678.contigs	o__Clostridiales (UID1212)	172	263	149	127	136	0	0	0	0	46.37	0.00	0.00
bin3c.679.contigs	k__Bacteria (UID2982)	88	230	148	100	130	0	0	0	0	44.26	0.00	0.00
bin3c.682.contigs	c__Clostridia (UID1118)	387	223	124	116	107	0	0	0	0	42.22	0.00	0.00
bin3c.685.contigs	c__Clostridia (UID1085)	35	420	196	192	224	3	1	0	0	47.49	1.38	33.33
bin3c.686.contigs	o__Clostridiales (UID1212)	172	263	149	89	172	2	0	0	0	56.12	1.34	100.00
bin3c.688.contigs	p__Actinobacteria (UID1454)	732	206	120	27	178	1	0	0	0	81.39	0.83	0.00
bin3c.69.contigs	o__Clostridiales (UID1212)	172	263	149	28	182	48	4	1	0	89.09	30.03	22.73
bin3c.691.contigs	p__Bacteroidetes (UID2605)	350	314	208	140	174	0	0	0	0	48.32	0.00	0.00
bin3c.696.contigs	o__Clostridiales (UID1226)	155	278	158	175	103	0	0	0	0	26.33	0.00	0.00
bin3c.697.contigs	k__Bacteria (UID2329)	174	149	89	30	119	0	0	0	0	73.03	0.00	0.00
bin3c.698.contigs	f__Lachnospiraceae (UID1256)	33	333	171	245	88	0	0	0	0	20.17	0.00	0.00
bin3c.699.contigs	k__Bacteria (UID2329)	174	149	89	8	138	3	0	0	0	93.15	3.37	0.00
bin3c.70.contigs	o__Clostridiales (UID1212)	172	263	149	6	255	2	0	0	0	96.85	1.01	0.00
bin3c.700.contigs	p__Bacteroidetes (UID2605)	350	316	210	211	105	0	0	0	0	27.62	0.00	0.00
bin3c.701.contigs	o__Clostridiales (UID1212)	172	263	149	87	176	0	0	0	0	61.03	0.00	0.00
bin3c.702.contigs	o__Clostridiales (UID1212)	172	263	149	67	196	0	0	0	0	68.00	0.00	0.00
bin3c.703.contigs	o__Clostridiales (UID1212)	172	263	149	103	159	1	0	0	0	54.14	0.67	0.00
bin3c.706.contigs	k__Bacteria (UID2329)	174	149	89	31	118	0	0	0	0	70.22	0.00	0.00
bin3c.708.contigs	o__Clostridiales (UID1212)	172	263	149	183	80	0	0	0	0	22.25	0.00	0.00
bin3c.71.contigs	o__Bacteroidales (UID2657)	160	492	269	35	454	3	0	0	0	92.37	0.65	0.00
bin3c.715.contigs	o__Clostridiales (UID1212)	172	263	149	139	124	0	0	0	0	31.99	0.00	0.00
bin3c.7162.contigs	o__Clostridiales (UID1212)	172	263	149	217	46	0	0	0	0	7.38	0.00	0.00
bin3c.717.contigs	o__Clostridiales (UID1212)	172	263	149	148	115	0	0	0	0	36.22	0.00	0.00
bin3c.718.contigs	o__Clostridiales (UID1212)	172	263	149	193	70	0	0	0	0	17.11	0.00	0.00
bin3c.724.contigs	k__Bacteria (UID2329)	174	149	89	33	107	9	0	0	0	71.86	8.43	88.89
bin3c.727.contigs	o__Clostridiales (UID1212)	172	263	149	174	89	0	0	0	0	24.50	0.00	0.00
bin3c.728.contigs	o__Clostridiales (UID1212)	172	263	149	178	85	0	0	0	0	25.75	0.00	0.00
bin3c.729.contigs	o__Clostridiales (UID1212)	172	263	149	173	90	0	0	0	0	22.65	0.00	0.00
bin3c.73.contigs	o__Clostridiales (UID1212)	172	263	149	3	260	0	0	0	0	98.66	0.00	0.00
bin3c.731.contigs	o__Clostridiales (UID1212)	172	263	149	195	68	0	0	0	0	16.30	0.00	0.00
bin3c.74.contigs	o__Clostridiales (UID1226)	155	278	158	26	251	1	0	0	0	90.26	0.63	0.00
bin3c.742.contigs	o__Clostridiales (UID1212)	172	263	149	198	61	4	0	0	0	16.74	2.01	100.00
bin3c.743.contigs	o__Clostridiales (UID1120)	304	247	141	173	73	1	0	0	0	18.00	0.07	0.00
bin3c.746.contigs	o__Bacteroidales (UID2716)	92	487	270	406	81	0	0	0	0	8.07	0.00	0.00
bin3c.747.contigs	o__Clostridiales (UID1120)	304	247	141	160	87	0	0	0	0	23.05	0.00	0.00
bin3c.748.contigs	o__Clostridiales (UID1212)	172	263	149	186	77	0	0	0	0	20.99	0.00	0.00
bin3c.75.contigs	o__Clostridiales (UID1212)	172	263	149	2	206	55	0	0	0	99.11	20.92	10.91
bin3c.76.contigs	o__Bacteroidales (UID2657)	160	492	269	6	454	31	1	0	0	98.02	8.49	91.18
bin3c.761.contigs	o__Clostridiales (UID1212)	172	263	149	146	108	9	0	0	0	33.56	3.69	100.00
bin3c.77.contigs	k__Bacteria (UID203)	5449	104	58	0	68	34	2	0	0	100.00	39.66	0.00
bin3c.773.contigs	c__Clostridia (UID1118)	387	223	124	156	67	0	0	0	0	12.77	0.00	0.00
bin3c.78.contigs	p__Bacteroidetes (UID2605)	350	316	210	10	296	9	1	0	0	95.48	4.29	25.00
bin3c.79.contigs	c__Clostridia (UID1118)	387	223	124	2	219	2	0	0	0	98.79	1.08	0.00
bin3c.8.contigs	k__Bacteria (UID203)	5449	103	57	0	27	76	0	0	0	100.00	71.93	0.00
bin3c.80.contigs	o__Clostridiales (UID1212)	172	263	149	6	245	11	1	0	0	97.09	7.38	14.29
bin3c.803.contigs	o__Clostridiales (UID1212)	172	263	149	202	57	4	0	0	0	11.07	1.57	100.00
bin3c.809.contigs	o__Bacteroidales (UID2657)	160	492	269	417	75	0	0	0	0	8.36	0.00	0.00
bin3c.81.contigs	o__Clostridiales (UID1212)	172	263	149	1	261	1	0	0	0	99.33	0.67	0.00
bin3c.813.contigs	f__Lachnospiraceae (UID1255)	90	354	174	307	47	0	0	0	0	4.02	0.00	0.00
bin3c.82.contigs	o__Clostridiales (UID1212)	172	263	149	5	208	49	1	0	0	97.43	23.49	25.00
bin3c.83.contigs	p__Bacteroidetes (UID2605)	350	314	208	0	195	119	0	0	0	100.00	46.66	1.68
bin3c.85.contigs	k__Bacteria (UID203)	5449	103	57	1	57	39	6	0	0	98.25	48.33	3.51
bin3c.86.contigs	k__Bacteria (UID203)	5449	104	58	1	82	21	0	0	0	98.28	17.08	52.38
bin3c.87.contigs	k__Bacteria (UID203)	5449	104	58	0	55	44	5	0	0	100.00	60.34	61.02
bin3c.88.contigs	p__Bacteroidetes (UID2605)	350	314	208	1	311	2	0	0	0	99.76	0.96	0.00
bin3c.89.contigs	o__Clostridiales (UID1212)	172	261	147	6	253	2	0	0	0	96.83	1.36	0.00
bin3c.90.contigs	o__Clostridiales (UID1212)	172	263	149	5	246	12	0	0	0	96.64	4.40	83.33
bin3c.91.contigs	c__Clostridia (UID1118)	387	223	124	12	209	2	0	0	0	91.94	1.08	0.00
bin3c.92.contigs	o__Clostridiales (UID1120)	304	250	143	2	244	4	0	0	0	98.60	2.80	0.00
bin3c.94.contigs	o__Clostridiales (UID1212)	172	257	149	9	246	1	1	0	0	95.53	2.01	0.00
bin3c.95.contigs	o__Clostridiales (UID1212)	172	263	149	2	250	11	0	0	0	98.66	3.91	0.00
bin3c.96.contigs	o__Clostridiales (UID1212)	172	263	149	42	184	34	3	0	0	82.10	18.72	9.30
bin3c.97.contigs	o__Clostridiales (UID1212)	172	263	149	0	254	9	0	0	0	100.00	5.03	66.67
bin3c.9757.contigs	f__Lachnospiraceae (UID1255)	90	354	174	318	36	0	0	0	0	1.15	0.00	0.00
bin3c.98.contigs	o__Clostridiales (UID1120)	304	250	143	8	238	3	1	0	0	94.76	3.03	0.00
